date_x,yellowstone,date_y,grand_canyon,date_x,rocky_mtn,date_y,zion,date,great_smoky_mtns
1979-01-01,"23,605",1979-01-01,"37,002",1979-01-01,"53,585",1979-01-01,"8,994",1979-01-01,"130,261"
1979-02-01,"31,992",1979-02-01,"46,043",1979-02-01,"85,931",1979-02-01,"12,106",1979-02-01,"160,764"
1979-03-01,"17,813",1979-03-01,"91,927",1979-03-01,"75,070",1979-03-01,"23,079",1979-03-01,"309,163"
1979-04-01,"34,095",1979-04-01,"123,643",1979-04-01,"66,873",1979-04-01,"63,306",1979-04-01,"650,485"
1979-05-01,"108,952",1979-05-01,"205,048",1979-05-01,"79,577",1979-05-01,"122,964",1979-05-01,"666,017"
1979-06-01,"313,924",1979-06-01,"297,877",1979-06-01,"368,257",1979-06-01,"156,734",1979-06-01,"994,065"
1979-07-01,"493,902",1979-07-01,"338,935",1979-07-01,"553,294",1979-07-01,"168,614",1979-07-01,"1,324,322"
1979-08-01,"493,915",1979-08-01,"350,694",1979-08-01,"600,221",1979-08-01,"187,461",1979-08-01,"1,274,155"
1979-09-01,"262,786",1979-09-01,"294,206",1979-09-01,"376,202",1979-09-01,"173,883",1979-09-01,"779,102"
1979-10-01,"76,542",1979-10-01,"187,335",1979-10-01,"198,374",1979-10-01,"77,131",1979-10-01,"1,114,291"
1979-11-01,"12,698",1979-11-01,"98,410",1979-11-01,"50,283",1979-11-01,"29,139",1979-11-01,"377,640"
1979-12-01,"22,684",1979-12-01,"60,596",1979-12-01,"60,863",1979-12-01,"17,117",1979-12-01,"239,523"
1980-01-01,"24,757",1980-01-01,"55,634",1980-01-01,"42,902",1980-01-01,"15,637",1980-01-01,"207,662"
1980-02-01,"36,373",1980-02-01,"40,800",1980-02-01,"59,403",1980-02-01,"17,832",1980-02-01,"192,198"
1980-03-01,"28,112",1980-03-01,"111,283",1980-03-01,"58,790",1980-03-01,"32,537",1980-03-01,"259,715"
1980-04-01,"32,466",1980-04-01,"135,657",1980-04-01,"64,299",1980-04-01,"58,225",1980-04-01,"553,448"
1980-05-01,"101,988",1980-05-01,"300,940",1980-05-01,"93,210",1980-05-01,"134,747",1980-05-01,"715,996"
1980-06-01,"325,211",1980-06-01,"231,093",1980-06-01,"410,449",1980-06-01,"175,129",1980-06-01,"1,105,867"
1980-07-01,"557,810",1980-07-01,"382,961",1980-07-01,"573,465",1980-07-01,"212,492",1980-07-01,"1,439,447"
1980-08-01,"523,549",1980-08-01,"379,099",1980-08-01,"609,383",1980-08-01,"212,223",1980-08-01,"1,410,230"
1980-09-01,"229,396",1980-09-01,"264,391",1980-09-01,"389,771",1980-09-01,"136,648",1980-09-01,"802,476"
1980-10-01,"93,240",1980-10-01,"194,043",1980-10-01,"219,495",1980-10-01,"75,312",1980-10-01,"1,075,611"
1980-11-01,"25,773",1980-11-01,"119,440",1980-11-01,"51,344",1980-11-01,"32,542",1980-11-01,"447,716"
1980-12-01,"21,594",1980-12-01,"89,632",1980-12-01,"69,426",1980-12-01,"20,522",1980-12-01,"230,587"
1981-01-01,"24,924",1981-01-01,"87,337",1981-01-01,"52,645",1981-01-01,"24,349",1981-01-01,"195,467"
1981-02-01,"28,590",1981-02-01,"88,570",1981-02-01,"47,256",1981-02-01,"22,594",1981-02-01,"200,825"
1981-03-01,"19,305",1981-03-01,"119,264",1981-03-01,"63,637",1981-03-01,"35,058",1981-03-01,"270,349"
1981-04-01,"21,342",1981-04-01,"205,490",1981-04-01,"78,529",1981-04-01,"63,036",1981-04-01,"605,239"
1981-05-01,"158,762",1981-05-01,"244,709",1981-05-01,"130,744",1981-05-01,"132,198",1981-05-01,"736,726"
1981-06-01,"421,817",1981-06-01,"364,113",1981-06-01,"439,671",1981-06-01,"221,905",1981-06-01,"1,079,198"
1981-07-01,"701,758",1981-07-01,"398,756",1981-07-01,"674,786",1981-07-01,"233,041",1981-07-01,"1,378,610"
1981-08-01,"651,977",1981-08-01,"378,831",1981-08-01,"677,202",1981-08-01,"262,514",1981-08-01,"1,367,634"
1981-09-01,"346,906",1981-09-01,"247,606",1981-09-01,"430,738",1981-09-01,"150,219",1981-09-01,"813,246"
1981-10-01,"91,385",1981-10-01,"185,318",1981-10-01,"202,193",1981-10-01,"86,905",1981-10-01,"1,107,413"
1981-11-01,"30,202",1981-11-01,"83,734",1981-11-01,"51,650",1981-11-01,"34,820",1981-11-01,"357,166"
1981-12-01,"24,863",1981-12-01,"68,542",1981-12-01,"62,191",1981-12-01,"22,169",1981-12-01,"201,011"
1982-01-01,"22,523",1982-01-01,"44,969",1982-01-01,"65,547",1982-01-01,"15,445",1982-01-01,"136,548"
1982-02-01,"32,204",1982-02-01,"58,210",1982-02-01,"59,558",1982-02-01,"20,958",1982-02-01,"182,549"
1982-03-01,"25,325",1982-03-01,"106,235",1982-03-01,"64,554",1982-03-01,"38,731",1982-03-01,"239,607"
1982-04-01,"28,584",1982-04-01,"167,891",1982-04-01,"74,092",1982-04-01,"72,295",1982-04-01,"519,507"
1982-05-01,"148,257",1982-05-01,"212,009",1982-05-01,"106,375",1982-05-01,"146,438",1982-05-01,"861,200"
1982-06-01,"413,052",1982-06-01,"372,127",1982-06-01,"366,311",1982-06-01,"221,168",1982-06-01,"1,079,651"
1982-07-01,"688,061",1982-07-01,"369,983",1982-07-01,"573,923",1982-07-01,"252,010",1982-07-01,"1,317,822"
1982-08-01,"626,834",1982-08-01,"364,548",1982-08-01,"613,132",1982-08-01,"196,725",1982-08-01,"1,186,826"
1982-09-01,"281,287",1982-09-01,"254,192",1982-09-01,"360,870",1982-09-01,"140,672",1982-09-01,"885,909"
1982-10-01,"74,181",1982-10-01,"188,615",1982-10-01,"177,760",1982-10-01,"85,304",1982-10-01,"1,227,267"
1982-11-01,"16,673",1982-11-01,"90,586",1982-11-01,"51,377",1982-11-01,"32,936",1982-11-01,"341,524"
1982-12-01,"11,916",1982-12-01,"63,762",1982-12-01,"50,617",1982-12-01,"23,608",1982-12-01,"199,459"
1983-01-01,"18,329",1983-01-01,"49,146",1983-01-01,"67,598",1983-01-01,"18,578",1983-01-01,"175,036"
1983-02-01,"25,647",1983-02-01,"65,862",1983-02-01,"70,480",1983-02-01,"24,133",1983-02-01,"211,183"
1983-03-01,"15,671",1983-03-01,"118,768",1983-03-01,"60,310",1983-03-01,"36,086",1983-03-01,"288,660"
1983-04-01,"17,935",1983-04-01,"141,134",1983-04-01,"79,542",1983-04-01,"75,772",1983-04-01,"471,963"
1983-05-01,"123,437",1983-05-01,"233,043",1983-05-01,"91,340",1983-05-01,"183,803",1983-05-01,"682,613"
1983-06-01,"396,890",1983-06-01,"364,817",1983-06-01,"322,393",1983-06-01,"201,746",1983-06-01,"1,059,355"
1983-07-01,"704,745",1983-07-01,"400,961",1983-07-01,"552,473",1983-07-01,"227,243",1983-07-01,"1,525,959"
1983-08-01,"604,247",1983-08-01,"305,589",1983-08-01,"625,132",1983-08-01,"202,119",1983-08-01,"1,252,083"
1983-09-01,"314,919",1983-09-01,"226,922",1983-09-01,"432,745",1983-09-01,"154,567",1983-09-01,"880,366"
1983-10-01,"103,385",1983-10-01,"181,782",1983-10-01,"193,914",1983-10-01,"90,204",1983-10-01,"1,266,199"
1983-11-01,"11,955",1983-11-01,"94,483",1983-11-01,"76,969",1983-11-01,"37,866",1983-11-01,"433,778"
1983-12-01,"10,082",1983-12-01,"65,575",1983-12-01,"26,110",1983-12-01,"20,913",1983-12-01,"188,280"
1984-01-01,"18,864",1984-01-01,"60,598",1984-01-01,"51,124",1984-01-01,"21,848",1984-01-01,"157,610"
1984-02-01,"30,067",1984-02-01,"72,688",1984-02-01,"49,126",1984-02-01,"26,463",1984-02-01,"231,147"
1984-03-01,"11,372",1984-03-01,"123,699",1984-03-01,"46,210",1984-03-01,"48,492",1984-03-01,"300,499"
1984-04-01,"18,303",1984-04-01,"169,412",1984-04-01,"46,736",1984-04-01,"89,509",1984-04-01,"545,683"
1984-05-01,"127,555",1984-05-01,"249,813",1984-05-01,"75,806",1984-05-01,"160,492",1984-05-01,"638,056"
1984-06-01,"379,837",1984-06-01,"332,759",1984-06-01,"303,393",1984-06-01,"231,037",1984-06-01,"1,140,590"
1984-07-01,"667,307",1984-07-01,"369,741",1984-07-01,"514,848",1984-07-01,"232,872",1984-07-01,"1,444,870"
1984-08-01,"586,631",1984-08-01,"260,758",1984-08-01,"605,465",1984-08-01,"226,230",1984-08-01,"1,281,509"
1984-09-01,"287,141",1984-09-01,"220,356",1984-09-01,"355,768",1984-09-01,"174,514",1984-09-01,"925,574"
1984-10-01,"76,118",1984-10-01,"148,330",1984-10-01,"93,927",1984-10-01,"102,092",1984-10-01,"1,133,674"
1984-11-01,"2,273",1984-11-01,"104,114",1984-11-01,"52,850",1984-11-01,"42,409",1984-11-01,"430,276"
1984-12-01,"16,559",1984-12-01,"61,316",1984-12-01,"36,195",1984-12-01,"21,296",1984-12-01,"278,902"
1985-01-01,"20,919",1985-01-01,"54,330",1985-01-01,"68,416",1985-01-01,"23,339",1985-01-01,"173,985"
1985-02-01,"30,590",1985-02-01,"66,986",1985-02-01,"47,012",1985-02-01,"30,716",1985-02-01,"198,370"
1985-03-01,"9,611",1985-03-01,"143,335",1985-03-01,"55,707",1985-03-01,"54,763",1985-03-01,"421,954"
1985-04-01,"21,994",1985-04-01,"217,613",1985-04-01,"58,854",1985-04-01,"95,748",1985-04-01,"598,858"
1985-05-01,"159,597",1985-05-01,"295,024",1985-05-01,"117,475",1985-05-01,"201,599",1985-05-01,"631,697"
1985-06-01,"401,168",1985-06-01,"391,629",1985-06-01,"327,505",1985-06-01,"229,265",1985-06-01,"1,215,802"
1985-07-01,"648,994",1985-07-01,"411,347",1985-07-01,"501,624",1985-07-01,"253,508",1985-07-01,"1,610,633"
1985-08-01,"572,352",1985-08-01,"366,036",1985-08-01,"585,115",1985-08-01,"253,802",1985-08-01,"1,391,083"
1985-09-01,"261,850",1985-09-01,"304,431",1985-09-01,"304,574",1985-09-01,"182,744",1985-09-01,"996,027"
1985-10-01,"72,944",1985-10-01,"240,488",1985-10-01,"87,250",1985-10-01,"100,050",1985-10-01,"1,340,475"
1985-11-01,"6,726",1985-11-01,"114,023",1985-11-01,"52,986",1985-11-01,"44,125",1985-11-01,"503,174"
1985-12-01,"19,414",1985-12-01,"106,287",1985-12-01,"42,336",1985-12-01,"33,613",1985-12-01,"237,232"
1986-01-01,"24,708",1986-01-01,"75,573",1986-01-01,"74,949",1986-01-01,"35,763",1986-01-01,"206,496"
1986-02-01,"29,684",1986-02-01,"94,361",1986-02-01,"38,588",1986-02-01,"35,919",1986-02-01,"200,270"
1986-03-01,"20,165",1986-03-01,"201,642",1986-03-01,"58,001",1986-03-01,"80,728",1986-03-01,"456,909"
1986-04-01,"21,681",1986-04-01,"215,037",1986-04-01,"67,259",1986-04-01,"92,993",1986-04-01,"648,885"
1986-05-01,"147,767",1986-05-01,"318,732",1986-05-01,"111,710",1986-05-01,"246,440",1986-05-01,"825,357"
1986-06-01,"427,968",1986-06-01,"407,145",1986-06-01,"303,208",1986-06-01,"252,715",1986-06-01,"1,283,519"
1986-07-01,"663,205",1986-07-01,"456,542",1986-07-01,"547,751",1986-07-01,"261,818",1986-07-01,"1,761,918"
1986-08-01,"614,295",1986-08-01,"437,652",1986-08-01,"643,670",1986-08-01,"269,267",1986-08-01,"1,400,438"
1986-09-01,"295,089",1986-09-01,"312,678",1986-09-01,"338,915",1986-09-01,"194,138",1986-09-01,"920,431"
1986-10-01,"94,106",1986-10-01,"247,244",1986-10-01,"126,243",1986-10-01,"110,052",1986-10-01,"1,285,355"
1986-11-01,"6,414",1986-11-01,"151,811",1986-11-01,"45,674",1986-11-01,"50,783",1986-11-01,"560,364"
1986-12-01,"18,674",1986-12-01,"117,370",1986-12-01,"52,266",1986-12-01,"39,887",1986-12-01,"286,364"
1987-01-01,"27,238",1987-01-01,"94,561",1987-01-01,"77,184",1987-01-01,"35,783",1987-01-01,"260,147"
1987-02-01,"32,559",1987-02-01,"110,009",1987-02-01,"52,922",1987-02-01,"37,091",1987-02-01,"227,936"
1987-03-01,"12,310",1987-03-01,"188,661",1987-03-01,"54,316",1987-03-01,"57,095",1987-03-01,"414,925"
1987-04-01,"31,938",1987-04-01,"294,786",1987-04-01,"59,363",1987-04-01,"117,924",1987-04-01,"569,557"
1987-05-01,"185,705",1987-05-01,"352,013",1987-05-01,"136,049",1987-05-01,"203,914",1987-05-01,"868,493"
1987-06-01,"447,465",1987-06-01,"457,635",1987-06-01,"365,757",1987-06-01,"267,237",1987-06-01,"1,316,697"
1987-07-01,"685,128",1987-07-01,"485,310",1987-07-01,"546,231",1987-07-01,"296,526",1987-07-01,"1,627,542"
1987-08-01,"626,537",1987-08-01,"525,178",1987-08-01,"621,584",1987-08-01,"300,993",1987-08-01,"1,512,732"
1987-09-01,"361,842",1987-09-01,"425,004",1987-09-01,"359,746",1987-09-01,"231,095",1987-09-01,"990,046"
1987-10-01,"122,637",1987-10-01,"299,263",1987-10-01,"171,484",1987-10-01,"131,044",1987-10-01,"1,576,500"
1987-11-01,"19,842",1987-11-01,"168,321",1987-11-01,"50,425",1987-11-01,"61,714",1987-11-01,"568,460"
1987-12-01,"19,993",1987-12-01,"112,289",1987-12-01,"36,803",1987-12-01,"37,203",1987-12-01,"276,806"
1988-01-01,"25,706",1988-01-01,"96,995",1988-01-01,"58,824",1988-01-01,"38,333",1988-01-01,"170,684"
1988-02-01,"35,936",1988-02-01,"133,142",1988-02-01,"52,367",1988-02-01,"46,684",1988-02-01,"175,550"
1988-03-01,"18,470",1988-03-01,"273,551",1988-03-01,"56,677",1988-03-01,"65,640",1988-03-01,"309,014"
1988-04-01,"22,999",1988-04-01,"240,519",1988-04-01,"57,933",1988-04-01,"129,748",1988-04-01,"504,296"
1988-05-01,"175,285",1988-05-01,"387,946",1988-05-01,"91,676",1988-05-01,"208,323",1988-05-01,"664,326"
1988-06-01,"442,400",1988-06-01,"523,647",1988-06-01,"399,197",1988-06-01,"308,566",1988-06-01,"1,245,652"
1988-07-01,"636,295",1988-07-01,"557,670",1988-07-01,"568,028",1988-07-01,"305,583",1988-07-01,"1,669,578"
1988-08-01,"440,130",1988-08-01,"550,873",1988-08-01,"617,184",1988-08-01,"314,482",1988-08-01,"1,470,611"
1988-09-01,"176,833",1988-09-01,"462,806",1988-09-01,"371,318",1988-09-01,"262,166",1988-09-01,"986,914"
1988-10-01,"170,504",1988-10-01,"328,960",1988-10-01,"178,657",1988-10-01,"157,715",1988-10-01,"969,400"
1988-11-01,"18,510",1988-11-01,"196,874",1988-11-01,"55,402",1988-11-01,"71,847",1988-11-01,"389,468"
1988-12-01,"19,045",1988-12-01,"106,903",1988-12-01,"36,948",1988-12-01,"39,245",1988-12-01,"215,288"
1989-01-01,"24,328",1989-01-01,"107,390",1989-01-01,"60,075",1989-01-01,"33,534",1989-01-01,"213,529"
1989-02-01,"30,768",1989-02-01,"128,648",1989-02-01,"52,050",1989-02-01,"38,254",1989-02-01,"199,584"
1989-03-01,"22,163",1989-03-01,"261,150",1989-03-01,"60,381",1989-03-01,"94,224",1989-03-01,"340,842"
1989-04-01,"25,292",1989-04-01,"280,218",1989-04-01,"52,044",1989-04-01,"132,387",1989-04-01,"506,690"
1989-05-01,"216,163",1989-05-01,"409,344",1989-05-01,"92,436",1989-05-01,"235,179",1989-05-01,"812,193"
1989-06-01,"467,193",1989-06-01,"543,782",1989-06-01,"370,174",1989-06-01,"300,330",1989-06-01,"1,195,096"
1989-07-01,"696,587",1989-07-01,"542,509",1989-07-01,"590,130",1989-07-01,"304,532",1989-07-01,"1,339,906"
1989-08-01,"608,248",1989-08-01,"536,221",1989-08-01,"600,617",1989-08-01,"321,244",1989-08-01,"1,230,564"
1989-09-01,"403,579",1989-09-01,"440,897",1989-09-01,"358,910",1989-09-01,"248,105",1989-09-01,"809,478"
1989-10-01,"123,454",1989-10-01,"345,439",1989-10-01,"183,199",1989-10-01,"163,695",1989-10-01,"1,076,715"
1989-11-01,"6,791",1989-11-01,"225,092",1989-11-01,"54,061",1989-11-01,"86,055",1989-11-01,"418,785"
1989-12-01,"19,876",1989-12-01,"145,519",1989-12-01,"28,838",1989-12-01,"41,317",1989-12-01,"190,171"
1990-01-01,"25,884",1990-01-01,"118,005",1990-01-01,"53,565",1990-01-01,"54,093",1990-01-01,"189,278"
1990-02-01,"33,285",1990-02-01,"131,958",1990-02-01,"49,896",1990-02-01,"48,346",1990-02-01,"234,866"
1990-03-01,"19,372",1990-03-01,"256,088",1990-03-01,"65,280",1990-03-01,"77,423",1990-03-01,"373,267"
1990-04-01,"29,242",1990-04-01,"314,388",1990-04-01,"60,274",1990-04-01,"154,762",1990-04-01,"596,641"
1990-05-01,"203,712",1990-05-01,"410,498",1990-05-01,"108,881",1990-05-01,"237,277",1990-05-01,"626,377"
1990-06-01,"526,586",1990-06-01,"472,277",1990-06-01,"435,279",1990-06-01,"316,983",1990-06-01,"1,061,642"
1990-07-01,"760,520",1990-07-01,"534,498",1990-07-01,"560,806",1990-07-01,"308,335",1990-07-01,"1,394,539"
1990-08-01,"674,454",1990-08-01,"528,984",1990-08-01,"646,018",1990-08-01,"340,603",1990-08-01,"1,157,840"
1990-09-01,"414,563",1990-09-01,"403,743",1990-09-01,"392,873",1990-09-01,"257,272",1990-09-01,"913,993"
1990-10-01,"111,145",1990-10-01,"283,512",1990-10-01,"164,130",1990-10-01,"166,148",1990-10-01,"888,411"
1990-11-01,"8,117",1990-11-01,"197,985",1990-11-01,"73,064",1990-11-01,"98,844",1990-11-01,"467,715"
1990-12-01,"16,692",1990-12-01,"124,749",1990-12-01,"37,257",1990-12-01,"42,314",1990-12-01,"247,200"
1991-01-01,"28,851",1991-01-01,"119,713",1991-01-01,"50,910",1991-01-01,"54,687",1991-01-01,"192,460"
1991-02-01,"38,050",1991-02-01,"137,010",1991-02-01,"57,547",1991-02-01,"64,780",1991-02-01,"233,412"
1991-03-01,"19,946",1991-03-01,"173,728",1991-03-01,"56,241",1991-03-01,"71,951",1991-03-01,"347,276"
1991-04-01,"19,875",1991-04-01,"262,163",1991-04-01,"67,986",1991-04-01,"131,160",1991-04-01,"585,688"
1991-05-01,"188,798",1991-05-01,"420,242",1991-05-01,"118,351",1991-05-01,"255,396",1991-05-01,"734,033"
1991-06-01,"499,107",1991-06-01,"530,436",1991-06-01,"434,810",1991-06-01,"336,422",1991-06-01,"1,035,972"
1991-07-01,"796,656",1991-07-01,"583,108",1991-07-01,"614,118",1991-07-01,"349,020",1991-07-01,"1,409,216"
1991-08-01,"721,103",1991-08-01,"561,165",1991-08-01,"642,734",1991-08-01,"362,064",1991-08-01,"1,311,019"
1991-09-01,"432,948",1991-09-01,"451,446",1991-09-01,"385,524",1991-09-01,"278,614",1991-09-01,"905,908"
1991-10-01,"144,944",1991-10-01,"361,865",1991-10-01,"237,608",1991-10-01,"208,030",1991-10-01,"1,141,505"
1991-11-01,"6,261",1991-11-01,"181,771",1991-11-01,"43,136",1991-11-01,"80,061",1991-11-01,"454,762"
1991-12-01,"23,998",1991-12-01,"103,384",1991-12-01,"42,816",1991-12-01,"44,812",1991-12-01,"303,208"
1992-01-01,"33,552",1992-01-01,"106,718",1992-01-01,"60,038",1992-01-01,"55,002",1992-01-01,"284,355"
1992-02-01,"40,245",1992-02-01,"129,889",1992-02-01,"48,476",1992-02-01,"58,579",1992-02-01,"300,251"
1992-03-01,"19,615",1992-03-01,"215,840",1992-03-01,"58,478",1992-03-01,"81,606",1992-03-01,"372,618"
1992-04-01,"51,933",1992-04-01,"344,954",1992-04-01,"80,217",1992-04-01,"138,140",1992-04-01,"645,468"
1992-05-01,"257,951",1992-05-01,"434,452",1992-05-01,"160,788",1992-05-01,"257,471",1992-05-01,"761,708"
1992-06-01,"539,959",1992-06-01,"553,547",1992-06-01,"408,630",1992-06-01,"338,363",1992-06-01,"1,028,665"
1992-07-01,"799,411",1992-07-01,"658,700",1992-07-01,"606,764",1992-07-01,"353,454",1992-07-01,"1,442,585"
1992-08-01,"742,879",1992-08-01,"648,030",1992-08-01,"623,634",1992-08-01,"415,549",1992-08-01,"1,169,735"
1992-09-01,"462,788",1992-09-01,"468,743",1992-09-01,"440,843",1992-09-01,"318,549",1992-09-01,"923,424"
1992-10-01,"159,842",1992-10-01,"325,158",1992-10-01,"218,570",1992-10-01,"225,259",1992-10-01,"1,184,533"
1992-11-01,"8,646",1992-11-01,"184,552",1992-11-01,"47,490",1992-11-01,"89,896",1992-11-01,"471,507"
1992-12-01,"27,584",1992-12-01,"132,962",1992-12-01,"34,940",1992-12-01,"58,758",1992-12-01,"346,841"
1993-01-01,"38,100",1993-01-01,"113,555",1993-01-01,"53,780",1993-01-01,"52,236",1993-01-01,"339,368"
1993-02-01,"44,049",1993-02-01,"124,186",1993-02-01,"39,962",1993-02-01,"50,599",1993-02-01,"295,074"
1993-03-01,"31,768",1993-03-01,"267,508",1993-03-01,"52,511",1993-03-01,"106,142",1993-03-01,"293,778"
1993-04-01,"24,013",1993-04-01,"326,969",1993-04-01,"65,790",1993-04-01,"206,549",1993-04-01,"595,500"
1993-05-01,"191,222",1993-05-01,"462,722",1993-05-01,"120,708",1993-05-01,"220,669",1993-05-01,"771,472"
1993-06-01,"525,378",1993-06-01,"610,570",1993-06-01,"424,670",1993-06-01,"335,945",1993-06-01,"1,081,371"
1993-07-01,"768,164",1993-07-01,"755,833",1993-07-01,"623,451",1993-07-01,"348,106",1993-07-01,"1,558,223"
1993-08-01,"714,408",1993-08-01,"744,485",1993-08-01,"654,327",1993-08-01,"376,382",1993-08-01,"1,335,131"
1993-09-01,"401,124",1993-09-01,"481,004",1993-09-01,"423,570",1993-09-01,"290,893",1993-09-01,"1,004,463"
1993-10-01,"125,107",1993-10-01,"356,060",1993-10-01,"230,972",1993-10-01,"258,341",1993-10-01,"1,165,569"
1993-11-01,"18,899",1993-11-01,"186,556",1993-11-01,"48,776",1993-11-01,"92,657",1993-11-01,"500,087"
1993-12-01,"29,961",1993-12-01,"146,154",1993-12-01,"41,825",1993-12-01,"54,061",1993-12-01,"343,812"
1994-01-01,"40,757",1994-01-01,"137,426",1994-01-01,"66,336",1994-01-01,"60,598",1994-01-01,"249,289"
1994-02-01,"44,946",1994-02-01,"136,008",1994-02-01,"46,474",1994-02-01,"55,083",1994-02-01,"293,089"
1994-03-01,"27,859",1994-03-01,"321,076",1994-03-01,"64,501",1994-03-01,"103,289",1994-03-01,"401,451"
1994-04-01,"36,280",1994-04-01,"317,331",1994-04-01,"73,383",1994-04-01,"205,846",1994-04-01,"619,504"
1994-05-01,"233,737",1994-05-01,"430,834",1994-05-01,"140,442",1994-05-01,"198,731",1994-05-01,"708,517"
1994-06-01,"541,704",1994-06-01,"539,256",1994-06-01,"454,741",1994-06-01,"304,478",1994-06-01,"966,509"
1994-07-01,"831,152",1994-07-01,"684,303",1994-07-01,"637,208",1994-07-01,"326,536",1994-07-01,"1,328,303"
1994-08-01,"731,012",1994-08-01,"656,675",1994-08-01,"691,826",1994-08-01,"361,394",1994-08-01,"1,227,940"
1994-09-01,"414,848",1994-09-01,"447,284",1994-09-01,"486,600",1994-09-01,"295,720",1994-09-01,"884,902"
1994-10-01,"106,646",1994-10-01,"348,792",1994-10-01,"200,637",1994-10-01,"221,345",1994-10-01,"1,049,209"
1994-11-01,"7,953",1994-11-01,"192,207",1994-11-01,"65,256",1994-11-01,"90,568",1994-11-01,"490,559"
1994-12-01,"29,251",1994-12-01,"153,124",1994-12-01,"41,046",1994-12-01,"47,283",1994-12-01,"408,902"
1995-01-01,"40,868",1995-01-01,"124,843",1995-01-01,"72,264",1995-01-01,"60,215",1995-01-01,"264,477"
1995-02-01,"48,034",1995-02-01,"158,170",1995-02-01,"55,526",1995-02-01,"70,317",1995-02-01,"277,224"
1995-03-01,"21,157",1995-03-01,"286,118",1995-03-01,"62,216",1995-03-01,"119,841",1995-03-01,"445,804"
1995-04-01,"26,147",1995-04-01,"371,843",1995-04-01,"63,517",1995-04-01,"189,511",1995-04-01,"678,827"
1995-05-01,"201,797",1995-05-01,"464,743",1995-05-01,"107,774",1995-05-01,"202,000",1995-05-01,"691,175"
1995-06-01,"550,978",1995-06-01,"665,255",1995-06-01,"401,034",1995-06-01,"337,268",1995-06-01,"1,165,049"
1995-07-01,"847,003",1995-07-01,"678,871",1995-07-01,"643,304",1995-07-01,"363,645",1995-07-01,"1,351,579"
1995-08-01,"773,307",1995-08-01,"678,492",1995-08-01,"718,453",1995-08-01,"377,107",1995-08-01,"1,171,837"
1995-09-01,"468,062",1995-09-01,"439,849",1995-09-01,"404,990",1995-09-01,"312,443",1995-09-01,"953,804"
1995-10-01,"128,483",1995-10-01,"381,572",1995-10-01,"237,056",1995-10-01,"224,457",1995-10-01,"1,070,437"
1995-11-01,"11,635",1995-11-01,"166,568",1995-11-01,"69,520",1995-11-01,"119,920",1995-11-01,"532,510"
1995-12-01,"7,814",1995-12-01,"141,321",1995-12-01,"42,515",1995-12-01,"53,438",1995-12-01,"477,697"
1996-01-01,"32,871",1996-01-01,"147,909",1996-01-01,"50,604",1996-01-01,"58,277",1996-01-01,"230,199"
1996-02-01,"51,692",1996-02-01,"171,968",1996-02-01,"56,462",1996-02-01,"70,136",1996-02-01,"380,652"
1996-03-01,"27,162",1996-03-01,"302,054",1996-03-01,"69,517",1996-03-01,"126,044",1996-03-01,"387,653"
1996-04-01,"24,321",1996-04-01,"364,219",1996-04-01,"73,462",1996-04-01,"237,607",1996-04-01,"651,175"
1996-05-01,"187,045",1996-05-01,"477,093",1996-05-01,"177,831",1996-05-01,"238,705",1996-05-01,"774,385"
1996-06-01,"539,368",1996-06-01,"577,194",1996-06-01,"442,730",1996-06-01,"339,727",1996-06-01,"1,137,719"
1996-07-01,"818,964",1996-07-01,"691,310",1996-07-01,"669,291",1996-07-01,"340,812",1996-07-01,"1,394,781"
1996-08-01,"753,934",1996-08-01,"580,705",1996-08-01,"658,613",1996-08-01,"372,426",1996-08-01,"1,156,114"
1996-09-01,"426,806",1996-09-01,"499,011",1996-09-01,"405,585",1996-09-01,"310,840",1996-09-01,"970,447"
1996-10-01,"118,902",1996-10-01,"387,665",1996-10-01,"194,353",1996-10-01,"239,701",1996-10-01,"1,182,349"
1996-11-01,"10,473",1996-11-01,"188,612",1996-11-01,"61,799",1996-11-01,"102,777",1996-11-01,"552,780"
1996-12-01,"20,633",1996-12-01,"149,963",1996-12-01,"63,508",1996-12-01,"60,949",1996-12-01,"447,413"
1997-01-01,"31,155",1997-01-01,"133,291",1997-01-01,"60,995",1997-01-01,"65,244",1997-01-01,"238,794"
1997-02-01,"42,392",1997-02-01,"174,087",1997-02-01,"55,496",1997-02-01,"68,431",1997-02-01,"338,695"
1997-03-01,"19,324",1997-03-01,"347,740",1997-03-01,"82,957",1997-03-01,"128,143",1997-03-01,"483,391"
1997-04-01,"21,526",1997-04-01,"324,011",1997-04-01,"54,619",1997-04-01,"230,390",1997-04-01,"652,729"
1997-05-01,"191,985",1997-05-01,"465,990",1997-05-01,"182,301",1997-05-01,"226,370",1997-05-01,"764,021"
1997-06-01,"512,895",1997-06-01,"540,275",1997-06-01,"477,849",1997-06-01,"326,154",1997-06-01,"1,091,996"
1997-07-01,"774,327",1997-07-01,"730,341",1997-07-01,"672,256",1997-07-01,"333,883",1997-07-01,"1,743,996"
1997-08-01,"737,973",1997-08-01,"591,024",1997-08-01,"635,015",1997-08-01,"367,010",1997-08-01,"1,362,372"
1997-09-01,"403,184",1997-09-01,"599,107",1997-09-01,"408,657",1997-09-01,"304,847",1997-09-01,"1,029,761"
1997-10-01,"120,266",1997-10-01,"444,433",1997-10-01,"211,588",1997-10-01,"230,274",1997-10-01,"1,181,685"
1997-11-01,"9,983",1997-11-01,"251,808",1997-11-01,"65,166",1997-11-01,"104,605",1997-11-01,"624,029"
1997-12-01,"24,503",1997-12-01,"189,561",1997-12-01,"58,455",1997-12-01,"60,183",1997-12-01,"453,606"
1998-01-01,"33,845",1998-01-01,"133,187",1998-01-01,"64,192",1998-01-01,"70,167",1998-01-01,"263,020"
1998-02-01,"43,032",1998-02-01,"135,141",1998-02-01,"61,194",1998-02-01,"62,429",1998-02-01,"325,269"
1998-03-01,"17,894",1998-03-01,"248,949",1998-03-01,"70,334",1998-03-01,"112,119",1998-03-01,"472,838"
1998-04-01,"29,689",1998-04-01,"401,811",1998-04-01,"67,735",1998-04-01,"201,553",1998-04-01,"696,321"
1998-05-01,"222,385",1998-05-01,"444,044",1998-05-01,"198,448",1998-05-01,"230,959",1998-05-01,"847,434"
1998-06-01,"549,396",1998-06-01,"532,945",1998-06-01,"453,744",1998-06-01,"325,129",1998-06-01,"1,145,571"
1998-07-01,"829,683",1998-07-01,"586,676",1998-07-01,"683,467",1998-07-01,"318,876",1998-07-01,"1,672,297"
1998-08-01,"764,238",1998-08-01,"600,640",1998-08-01,"636,460",1998-08-01,"359,490",1998-08-01,"1,184,421"
1998-09-01,"445,741",1998-09-01,"421,853",1998-09-01,"445,728",1998-09-01,"284,343",1998-09-01,"1,047,938"
1998-10-01,"150,079",1998-10-01,"375,993",1998-10-01,"227,638",1998-10-01,"229,844",1998-10-01,"1,179,433"
1998-11-01,"9,106",1998-11-01,"209,611",1998-11-01,"69,927",1998-11-01,"112,117",1998-11-01,"729,487"
1998-12-01,"25,742",1998-12-01,"148,832",1998-12-01,"56,555",1998-12-01,"63,022",1998-12-01,"425,366"
1999-01-01,"34,346",1999-01-01,"154,225",1999-01-01,"60,871",1999-01-01,"73,220",1999-01-01,"302,467"
1999-02-01,"41,120",1999-02-01,"168,127",1999-02-01,"74,798",1999-02-01,"69,337",1999-02-01,"352,912"
1999-03-01,"23,067",1999-03-01,"367,827",1999-03-01,"87,163",1999-03-01,"122,668",1999-03-01,"454,227"
1999-04-01,"27,128",1999-04-01,"345,769",1999-04-01,"58,644",1999-04-01,"218,059",1999-04-01,"745,755"
1999-05-01,"203,727",1999-05-01,"456,674",1999-05-01,"187,697",1999-05-01,"218,639",1999-05-01,"877,679"
1999-06-01,"580,624",1999-06-01,"564,036",1999-06-01,"471,035",1999-06-01,"298,448",1999-06-01,"1,250,890"
1999-07-01,"832,685",1999-07-01,"655,350",1999-07-01,"739,167",1999-07-01,"335,012",1999-07-01,"1,674,267"
1999-08-01,"760,062",1999-08-01,"608,486",1999-08-01,"644,694",1999-08-01,"373,744",1999-08-01,"1,206,176"
1999-09-01,"445,057",1999-09-01,"491,822",1999-09-01,"466,394",1999-09-01,"309,215",1999-09-01,"1,081,556"
1999-10-01,"142,049",1999-10-01,"378,777",1999-10-01,"228,197",1999-10-01,"237,279",1999-10-01,"1,136,547"
1999-11-01,"16,230",1999-11-01,"206,084",1999-11-01,"94,367",1999-11-01,"124,086",1999-11-01,"741,325"
1999-12-01,"25,286",1999-12-01,"177,947",1999-12-01,"73,296",1999-12-01,"69,957",1999-12-01,"459,797"
2000-01-01,"37,301",2000-01-01,"153,667",2000-01-01,"67,728",2000-01-01,"80,141",2000-01-01,"311,269"
2000-02-01,"47,573",2000-02-01,"159,129",2000-02-01,"74,328",2000-02-01,"73,390",2000-02-01,"443,683"
2000-03-01,"20,404",2000-03-01,"310,278",2000-03-01,"83,498",2000-03-01,"126,843",2000-03-01,"525,438"
2000-04-01,"27,869",2000-04-01,"392,888",2000-04-01,"82,564",2000-04-01,"220,905",2000-04-01,"725,456"
2000-05-01,"214,814",2000-05-01,"459,685",2000-05-01,"211,790",2000-05-01,"239,579",2000-05-01,"847,421"
2000-06-01,"553,892",2000-06-01,"528,779",2000-06-01,"483,925",2000-06-01,"341,054",2000-06-01,"1,167,097"
2000-07-01,"768,040",2000-07-01,"624,033",2000-07-01,"735,598",2000-07-01,"341,050",2000-07-01,"1,703,605"
2000-08-01,"634,104",2000-08-01,"590,701",2000-08-01,"597,407",2000-08-01,"331,474",2000-08-01,"1,147,933"
2000-09-01,"353,728",2000-09-01,"474,295",2000-09-01,"448,191",2000-09-01,"289,827",2000-09-01,"1,009,287"
2000-10-01,"139,784",2000-10-01,"368,560",2000-10-01,"242,240",2000-10-01,"232,685",2000-10-01,"1,208,590"
2000-11-01,"13,422",2000-11-01,"205,567",2000-11-01,"85,145",2000-11-01,"105,733",2000-11-01,"668,947"
2000-12-01,"27,302",2000-12-01,"192,646",2000-12-01,"72,978",2000-12-01,"49,667",2000-12-01,"417,086"
2001-01-01,"44,356",2001-01-01,"152,246",2001-01-01,"62,319",2001-01-01,"61,795",2001-01-01,"297,855"
2001-02-01,"48,980",2001-02-01,"133,442",2001-02-01,"66,820",2001-02-01,"53,960",2001-02-01,"362,356"
2001-03-01,"18,485",2001-03-01,"304,407",2001-03-01,"73,736",2001-03-01,"95,231",2001-03-01,"467,539"
2001-04-01,"28,341",2001-04-01,"363,932",2001-04-01,"82,007",2001-04-01,"207,864",2001-04-01,"706,543"
2001-05-01,"229,085",2001-05-01,"446,090",2001-05-01,"198,797",2001-05-01,"210,707",2001-05-01,"758,423"
2001-06-01,"507,737",2001-06-01,"517,870",2001-06-01,"499,970",2001-06-01,"323,759",2001-06-01,"1,085,811"
2001-07-01,"724,735",2001-07-01,"620,638",2001-07-01,"749,500",2001-07-01,"321,920",2001-07-01,"1,373,170"
2001-08-01,"613,965",2001-08-01,"565,883",2001-08-01,"616,789",2001-08-01,"344,531",2001-08-01,"1,121,119"
2001-09-01,"373,583",2001-09-01,"348,445",2001-09-01,"463,160",2001-09-01,"261,476",2001-09-01,"989,884"
2001-10-01,"121,958",2001-10-01,"287,259",2001-10-01,"184,616",2001-10-01,"179,932",2001-10-01,"1,095,602"
2001-11-01,"19,585",2001-11-01,"192,539",2001-11-01,"81,020",2001-11-01,"105,821",2001-11-01,"595,586"
2001-12-01,"27,716",2001-12-01,"172,058",2001-12-01,"60,951",2001-12-01,"50,783",2001-12-01,"343,809"
2002-01-01,"40,465",2002-01-01,"141,451",2002-01-01,"64,696",2002-01-01,"55,866",2002-01-01,"287,352"
2002-02-01,"52,002",2002-02-01,"147,784",2002-02-01,"62,365",2002-02-01,"66,575",2002-02-01,"350,391"
2002-03-01,"23,305",2002-03-01,"295,462",2002-03-01,"78,997",2002-03-01,"158,518",2002-03-01,"522,266"
2002-04-01,"15,904",2002-04-01,"331,852",2002-04-01,"72,485",2002-04-01,"279,225",2002-04-01,"674,470"
2002-05-01,"228,642",2002-05-01,"408,987",2002-05-01,"228,491",2002-05-01,"301,163",2002-05-01,"789,882"
2002-06-01,"568,144",2002-06-01,"502,154",2002-06-01,"491,045",2002-06-01,"329,355",2002-06-01,"1,159,339"
2002-07-01,"794,929",2002-07-01,"568,408",2002-07-01,"653,677",2002-07-01,"347,541",2002-07-01,"1,359,477"
2002-08-01,"663,266",2002-08-01,"520,331",2002-08-01,"598,693",2002-08-01,"322,920",2002-08-01,"1,090,431"
2002-09-01,"413,960",2002-09-01,"368,543",2002-09-01,"428,493",2002-09-01,"312,931",2002-09-01,"947,207"
2002-10-01,"142,702",2002-10-01,"324,351",2002-10-01,"183,445",2002-10-01,"229,989",2002-10-01,"1,104,852"
2002-11-01,"11,235",2002-11-01,"217,586",2002-11-01,"57,455",2002-11-01,"112,489",2002-11-01,"676,504"
2002-12-01,"19,123",2002-12-01,"175,065",2002-12-01,"68,633",2002-12-01,"75,973",2002-12-01,"354,249"
2003-01-01,"36,387",2003-01-01,"156,481",2003-01-01,"61,472",2003-01-01,"71,233",2003-01-01,"305,430"
2003-02-01,"39,494",2003-02-01,"148,388",2003-02-01,"48,224",2003-02-01,"72,781",2003-02-01,"332,223"
2003-03-01,"17,718",2003-03-01,"274,120",2003-03-01,"63,999",2003-03-01,"143,284",2003-03-01,"533,896"
2003-04-01,"28,877",2003-04-01,"340,245",2003-04-01,"69,226",2003-04-01,"244,910",2003-04-01,"701,080"
2003-05-01,"206,245",2003-05-01,"398,371",2003-05-01,"198,771",2003-05-01,"304,556",2003-05-01,"780,366"
2003-06-01,"580,919",2003-06-01,"536,251",2003-06-01,"457,861",2003-06-01,"308,634",2003-06-01,"1,156,774"
2003-07-01,"809,689",2003-07-01,"603,109",2003-07-01,"678,086",2003-07-01,"294,996",2003-07-01,"1,326,666"
2003-08-01,"698,753",2003-08-01,"550,855",2003-08-01,"626,473",2003-08-01,"312,162",2003-08-01,"1,109,676"
2003-09-01,"404,498",2003-09-01,"377,719",2003-09-01,"465,941",2003-09-01,"280,970",2003-09-01,"807,827"
2003-10-01,"175,877",2003-10-01,"335,317",2003-10-01,"262,699",2003-10-01,"229,992",2003-10-01,"1,239,051"
2003-11-01,"7,967",2003-11-01,"220,124",2003-11-01,"69,681",2003-11-01,"119,860",2003-11-01,"658,929"
2003-12-01,"12,951",2003-12-01,"183,920",2003-12-01,"64,823",2003-12-01,"75,414",2003-12-01,"414,927"
2004-01-01,"22,817",2004-01-01,"150,345",2004-01-01,"57,795",2004-01-01,"67,913",2004-01-01,"307,017"
2004-02-01,"30,030",2004-02-01,"148,379",2004-02-01,"58,503",2004-02-01,"81,970",2004-02-01,"336,212"
2004-03-01,"20,187",2004-03-01,"313,056",2004-03-01,"79,540",2004-03-01,"190,919",2004-03-01,"506,804"
2004-04-01,"32,434",2004-04-01,"409,645",2004-04-01,"62,595",2004-04-01,"297,906",2004-04-01,"675,350"
2004-05-01,"216,905",2004-05-01,"444,078",2004-05-01,"179,887",2004-05-01,"295,304",2004-05-01,"774,049"
2004-06-01,"584,925",2004-06-01,"529,486",2004-06-01,"421,739",2004-06-01,"326,499",2004-06-01,"1,076,888"
2004-07-01,"732,682",2004-07-01,"625,584",2004-07-01,"633,725",2004-07-01,"337,145",2004-07-01,"1,355,683"
2004-08-01,"657,869",2004-08-01,"549,643",2004-08-01,"561,913",2004-08-01,"338,899",2004-08-01,"1,002,046"
2004-09-01,"406,327",2004-09-01,"425,037",2004-09-01,"407,864",2004-09-01,"323,156",2004-09-01,"876,758"
2004-10-01,"135,605",2004-10-01,"333,874",2004-10-01,"200,180",2004-10-01,"227,332",2004-10-01,"1,158,267"
2004-11-01,"13,939",2004-11-01,"219,953",2004-11-01,"52,173",2004-11-01,"113,626",2004-11-01,"630,539"
2004-12-01,"14,597",2004-12-01,"177,154",2004-12-01,"65,985",2004-12-01,"76,673",2004-12-01,"467,433"
2005-01-01,"22,297",2005-01-01,"132,660",2005-01-01,"60,206",2005-01-01,"63,566",2005-01-01,"345,009"
2005-02-01,"29,018",2005-02-01,"151,719",2005-02-01,"61,932",2005-02-01,"70,260",2005-02-01,"347,144"
2005-03-01,"17,324",2005-03-01,"356,357",2005-03-01,"60,125",2005-03-01,"195,530",2005-03-01,"524,650"
2005-04-01,"26,116",2005-04-01,"380,473",2005-04-01,"60,341",2005-04-01,"230,366",2005-04-01,"652,265"
2005-05-01,"225,811",2005-05-01,"444,253",2005-05-01,"178,599",2005-05-01,"283,547",2005-05-01,"767,056"
2005-06-01,"560,014",2005-06-01,"594,410",2005-06-01,"417,346",2005-06-01,"339,849",2005-06-01,"1,124,130"
2005-07-01,"743,165",2005-07-01,"611,813",2005-07-01,"658,903",2005-07-01,"347,745",2005-07-01,"1,333,994"
2005-08-01,"647,288",2005-08-01,"572,431",2005-08-01,"556,353",2005-08-01,"340,826",2005-08-01,"997,352"
2005-09-01,"393,362",2005-09-01,"392,835",2005-09-01,"406,772",2005-09-01,"298,465",2005-09-01,"854,342"
2005-10-01,"142,912",2005-10-01,"335,518",2005-10-01,"199,748",2005-10-01,"227,570",2005-10-01,"1,054,311"
2005-11-01,"11,505",2005-11-01,"230,597",2005-11-01,"79,707",2005-11-01,"118,083",2005-11-01,"721,684"
2005-12-01,"16,839",2005-12-01,"198,456",2005-12-01,"58,336",2005-12-01,"70,858",2005-12-01,"470,540"
2006-01-01,"23,989",2006-01-01,"163,222",2006-01-01,"55,549",2006-01-01,"71,680",2006-01-01,"363,998"
2006-02-01,"29,011",2006-02-01,"178,982",2006-02-01,"51,901",2006-02-01,"70,170",2006-02-01,"332,912"
2006-03-01,"18,879",2006-03-01,"296,498",2006-03-01,"59,636",2006-03-01,"144,186",2006-03-01,"557,555"
2006-04-01,"29,381",2006-04-01,"419,253",2006-04-01,"73,816",2006-04-01,"264,821",2006-04-01,"725,298"
2006-05-01,"230,762",2006-05-01,"451,576",2006-05-01,"187,936",2006-05-01,"277,849",2006-05-01,"732,978"
2006-06-01,"557,213",2006-06-01,"509,456",2006-06-01,"451,277",2006-06-01,"325,124",2006-06-01,"1,113,186"
2006-07-01,"738,807",2006-07-01,"578,208",2006-07-01,"641,178",2006-07-01,"347,105",2006-07-01,"1,280,865"
2006-08-01,"635,666",2006-08-01,"507,951",2006-08-01,"516,531",2006-08-01,"337,212",2006-08-01,"920,331"
2006-09-01,"428,369",2006-09-01,"399,117",2006-09-01,"412,722",2006-09-01,"298,587",2006-09-01,"928,487"
2006-10-01,"146,790",2006-10-01,"352,556",2006-10-01,"177,716",2006-10-01,"235,952",2006-10-01,"1,128,927"
2006-11-01,"12,382",2006-11-01,"239,306",2006-11-01,"61,323",2006-11-01,"128,339",2006-11-01,"702,589"
2006-12-01,"19,046",2006-12-01,"183,314",2006-12-01,"54,091",2006-12-01,"66,325",2006-12-01,"502,089"
2007-01-01,"25,476",2007-01-01,"139,636",2007-01-01,"51,340",2007-01-01,"68,640",2007-01-01,"350,818"
2007-02-01,"30,928",2007-02-01,"155,049",2007-02-01,"51,929",2007-02-01,"71,530",2007-02-01,"342,540"
2007-03-01,"20,225",2007-03-01,"332,226",2007-03-01,"77,306",2007-03-01,"176,622",2007-03-01,"564,878"
2007-04-01,"27,798",2007-04-01,"431,874",2007-04-01,"75,190",2007-04-01,"286,701",2007-04-01,"701,353"
2007-05-01,"264,203",2007-05-01,"443,773",2007-05-01,"188,187",2007-05-01,"281,149",2007-05-01,"810,438"
2007-06-01,"609,606",2007-06-01,"515,106",2007-06-01,"468,770",2007-06-01,"333,005",2007-06-01,"1,116,371"
2007-07-01,"822,773",2007-07-01,"604,185",2007-07-01,"653,885",2007-07-01,"338,116",2007-07-01,"1,313,210"
2007-08-01,"710,781",2007-08-01,"580,670",2007-08-01,"559,939",2007-08-01,"337,824",2007-08-01,"1,011,693"
2007-09-01,"463,994",2007-09-01,"424,493",2007-09-01,"442,327",2007-09-01,"314,290",2007-09-01,"951,432"
2007-10-01,"139,789",2007-10-01,"362,602",2007-10-01,"204,583",2007-10-01,"253,572",2007-10-01,"1,092,798"
2007-11-01,"15,362",2007-11-01,"235,217",2007-11-01,"70,953",2007-11-01,"129,962",2007-11-01,"677,203"
2007-12-01,"20,408",2007-12-01,"188,837",2007-12-01,"50,974",2007-12-01,"65,870",2007-12-01,"439,519"
2008-01-01,"26,864",2008-01-01,"123,600",2008-01-01,"62,228",2008-01-01,"56,137",2008-01-01,"322,865"
2008-02-01,"33,557",2008-02-01,"146,730",2008-02-01,"58,860",2008-02-01,"62,044",2008-02-01,"340,558"
2008-03-01,"19,147",2008-03-01,"358,409",2008-03-01,"71,260",2008-03-01,"187,814",2008-03-01,"553,078"
2008-04-01,"24,433",2008-04-01,"377,542",2008-04-01,"63,083",2008-04-01,"242,778",2008-04-01,"628,593"
2008-05-01,"217,938",2008-05-01,"453,651",2008-05-01,"165,489",2008-05-01,"302,002",2008-05-01,"783,847"
2008-06-01,"593,405",2008-06-01,"530,291",2008-06-01,"420,334",2008-06-01,"354,527",2008-06-01,"1,063,589"
2008-07-01,"808,110",2008-07-01,"644,915",2008-07-01,"611,760",2008-07-01,"360,046",2008-07-01,"1,257,396"
2008-08-01,"731,063",2008-08-01,"633,985",2008-08-01,"533,886",2008-08-01,"368,739",2008-08-01,"1,049,206"
2008-09-01,"437,552",2008-09-01,"433,030",2008-09-01,"424,613",2008-09-01,"312,606",2008-09-01,"819,816"
2008-10-01,"145,488",2008-10-01,"359,396",2008-10-01,"213,467",2008-10-01,"254,187",2008-10-01,"1,096,711"
2008-11-01,"12,671",2008-11-01,"209,843",2008-11-01,"74,914",2008-11-01,"126,588",2008-11-01,"652,023"
2008-12-01,"16,352",2008-12-01,"153,922",2008-12-01,"57,496",2008-12-01,"62,686",2008-12-01,"476,328"
2009-01-01,"24,770",2009-01-01,"135,463",2009-01-01,"70,858",2009-01-01,"60,204",2009-01-01,"323,614"
2009-02-01,"28,355",2009-02-01,"132,865",2009-02-01,"58,375",2009-02-01,"62,964",2009-02-01,"334,515"
2009-03-01,"17,317",2009-03-01,"310,717",2009-03-01,"75,022",2009-03-01,"167,246",2009-03-01,"521,140"
2009-04-01,"24,831",2009-04-01,"393,469",2009-04-01,"58,842",2009-04-01,"271,709",2009-04-01,"770,585"
2009-05-01,"261,763",2009-05-01,"432,940",2009-05-01,"207,827",2009-05-01,"296,330",2009-05-01,"788,974"
2009-06-01,"643,844",2009-06-01,"529,833",2009-06-01,"426,453",2009-06-01,"366,004",2009-06-01,"1,181,938"
2009-07-01,"900,515",2009-07-01,"658,993",2009-07-01,"626,907",2009-07-01,"368,933",2009-07-01,"1,404,034"
2009-08-01,"752,983",2009-08-01,"600,442",2009-08-01,"568,455",2009-08-01,"372,157",2009-08-01,"1,035,277"
2009-09-01,"489,438",2009-09-01,"425,737",2009-09-01,"443,488",2009-09-01,"306,161",2009-09-01,"845,655"
2009-10-01,"123,867",2009-10-01,"352,207",2009-10-01,"171,959",2009-10-01,"265,095",2009-10-01,"1,052,137"
2009-11-01,"9,397",2009-11-01,"214,355",2009-11-01,"67,894",2009-11-01,"132,998",2009-11-01,"708,797"
2009-12-01,"18,107",2009-12-01,"161,047",2009-12-01,"46,245",2009-12-01,"65,601",2009-12-01,"524,771"
2010-01-01,"25,595",2010-01-01,"120,409",2010-01-01,"64,618",2010-01-01,"54,928",2010-01-01,"303,318"
2010-02-01,"29,108",2010-02-01,"124,573",2010-02-01,"44,576",2010-02-01,"62,099",2010-02-01,"239,587"
2010-03-01,"21,028",2010-03-01,"312,903",2010-03-01,"70,117",2010-03-01,"171,079",2010-03-01,"505,950"
2010-04-01,"32,763",2010-04-01,"375,136",2010-04-01,"69,097",2010-04-01,"277,599",2010-04-01,"848,946"
2010-05-01,"250,445",2010-05-01,"399,037",2010-05-01,"180,710",2010-05-01,"304,278",2010-05-01,"792,980"
2010-06-01,"694,841",2010-06-01,"555,941",2010-06-01,"441,738",2010-06-01,"331,185",2010-06-01,"1,359,978"
2010-07-01,"957,785",2010-07-01,"647,636",2010-07-01,"668,418",2010-07-01,"362,881",2010-07-01,"1,403,978"
2010-08-01,"854,837",2010-08-01,"629,167",2010-08-01,"574,638",2010-08-01,"332,796",2010-08-01,"947,311"
2010-09-01,"550,504",2010-09-01,"477,863",2010-09-01,"461,942",2010-09-01,"319,838",2010-09-01,"845,410"
2010-10-01,"189,072",2010-10-01,"359,758",2010-10-01,"245,770",2010-10-01,"236,316",2010-10-01,"1,252,357"
2010-11-01,"16,819",2010-11-01,"219,474",2010-11-01,"67,862",2010-11-01,"143,272",2010-11-01,"621,211"
2010-12-01,"17,388",2010-12-01,"166,489",2010-12-01,"66,335",2010-12-01,"69,701",2010-12-01,"342,512"
2011-01-01,"24,517",2011-01-01,"139,029",2011-01-01,"68,641",2011-01-01,"64,524",2011-01-01,"214,609"
2011-02-01,"28,174",2011-02-01,"120,726",2011-02-01,"50,540",2011-02-01,"67,801",2011-02-01,"315,206"
2011-03-01,"18,728",2011-03-01,"304,583",2011-03-01,"73,760",2011-03-01,"164,037",2011-03-01,"502,501"
2011-04-01,"28,147",2011-04-01,"388,363",2011-04-01,"77,183",2011-04-01,"255,813",2011-04-01,"690,037"
2011-05-01,"207,842",2011-05-01,"419,569",2011-05-01,"163,587",2011-05-01,"325,089",2011-05-01,"727,237"
2011-06-01,"634,316",2011-06-01,"544,089",2011-06-01,"500,733",2011-06-01,"376,453",2011-06-01,"1,121,001"
2011-07-01,"906,935",2011-07-01,"654,871",2011-07-01,"743,741",2011-07-01,"391,144",2011-07-01,"1,342,491"
2011-08-01,"805,173",2011-08-01,"595,265",2011-08-01,"620,534",2011-08-01,"360,196",2011-08-01,"1,002,603"
2011-09-01,"536,349",2011-09-01,"410,636",2011-09-01,"483,780",2011-09-01,"324,727",2011-09-01,"882,269"
2011-10-01,"175,433",2011-10-01,"348,203",2011-10-01,"264,617",2011-10-01,"273,876",2011-10-01,"1,133,530"
2011-11-01,"12,198",2011-11-01,"201,809",2011-11-01,"68,076",2011-11-01,"145,158",2011-11-01,"605,743"
2011-12-01,"16,514",2011-12-01,"171,035",2011-12-01,"61,749",2011-12-01,"76,687",2011-12-01,"471,603"
2012-01-01,"24,766",2012-01-01,"141,357",2012-01-01,"68,537",2012-01-01,"68,202",2012-01-01,"269,282"
2012-02-01,"27,752",2012-02-01,"141,305",2012-02-01,"62,036",2012-02-01,"74,382",2012-02-01,"353,390"
2012-03-01,"20,248",2012-03-01,"291,120",2012-03-01,"104,374",2012-03-01,"165,242",2012-03-01,"611,326"
2012-04-01,"29,056",2012-04-01,"389,777",2012-04-01,"117,053",2012-04-01,"352,192",2012-04-01,"745,545"
2012-05-01,"268,251",2012-05-01,"416,363",2012-05-01,"228,950",2012-05-01,"343,488",2012-05-01,"799,760"
2012-06-01,"671,825",2012-06-01,"549,688",2012-06-01,"500,206",2012-06-01,"370,280",2012-06-01,"1,202,056"
2012-07-01,"888,335",2012-07-01,"647,953",2012-07-01,"651,722",2012-07-01,"392,359",2012-07-01,"1,392,067"
2012-08-01,"780,286",2012-08-01,"610,680",2012-08-01,"589,131",2012-08-01,"364,857",2012-08-01,"1,081,025"
2012-09-01,"527,610",2012-09-01,"448,925",2012-09-01,"527,172",2012-09-01,"355,140",2012-09-01,"982,942"
2012-10-01,"177,069",2012-10-01,"376,225",2012-10-01,"219,946",2012-10-01,"276,134",2012-10-01,"1,144,273"
2012-11-01,"14,059",2012-11-01,"221,927",2012-11-01,"93,714",2012-11-01,"140,350",2012-11-01,"623,636"
2012-12-01,"18,472",2012-12-01,"186,032",2012-12-01,"66,776",2012-12-01,"70,981",2012-12-01,"480,527"
2013-01-01,"24,699",2013-01-01,"143,405",2013-01-01,"78,022",2013-01-01,"56,972",2013-01-01,"265,633"
2013-02-01,"31,053",2013-02-01,"145,356",2013-02-01,"68,831",2013-02-01,"64,994",2013-02-01,"252,437"
2013-03-01,"18,613",2013-03-01,"359,799",2013-03-01,"89,691",2013-03-01,"227,899",2013-03-01,"465,594"
2013-04-01,"24,606",2013-04-01,"375,899",2013-04-01,"90,379",2013-04-01,"292,765",2013-04-01,"636,677"
2013-05-01,"293,250",2013-05-01,"468,178",2013-05-01,"239,184",2013-05-01,"313,594",2013-05-01,"885,960"
2013-06-01,"624,429",2013-06-01,"613,479",2013-06-01,"602,508",2013-06-01,"367,217",2013-06-01,"1,321,821"
2013-07-01,"812,212",2013-07-01,"728,543",2013-07-01,"712,583",2013-07-01,"379,129",2013-07-01,"1,399,567"
2013-08-01,"725,136",2013-08-01,"633,026",2013-08-01,"621,852",2013-08-01,"345,014",2013-08-01,"1,040,021"
2013-09-01,"557,925",2013-09-01,"465,665",2013-09-01,"253,467",2013-09-01,"339,593",2013-09-01,"1,060,237"
2013-10-01,"47,560",2013-10-01,"197,742",2013-10-01,"66,275",2013-10-01,"203,056",2013-10-01,"847,616"
2013-11-01,"11,169",2013-11-01,"217,733",2013-11-01,"86,379",2013-11-01,"141,251",2013-11-01,"688,430"
2013-12-01,"17,378",2013-12-01,"216,015",2013-12-01,"81,970",2013-12-01,"75,903",2013-12-01,"490,702"
2014-01-01,"26,778",2014-01-01,"173,458",2014-01-01,"77,633",2014-01-01,"70,862",2014-01-01,"275,353"
2014-02-01,"28,233",2014-02-01,"176,364",2014-02-01,"76,881",2014-02-01,"74,625",2014-02-01,"296,451"
2014-03-01,"18,778",2014-03-01,"353,920",2014-03-01,"99,077",2014-03-01,"226,424",2014-03-01,"509,454"
2014-04-01,"31,356",2014-04-01,"320,348",2014-04-01,"97,100",2014-04-01,"312,381",2014-04-01,"724,987"
2014-05-01,"310,039",2014-05-01,"463,713",2014-05-01,"220,532",2014-05-01,"391,969",2014-05-01,"900,900"
2014-06-01,"669,642",2014-06-01,"563,375",2014-06-01,"538,725",2014-06-01,"397,753",2014-06-01,"1,305,063"
2014-07-01,"858,856",2014-07-01,"621,953",2014-07-01,"693,685",2014-07-01,"407,153",2014-07-01,"1,445,328"
2014-08-01,"773,357",2014-08-01,"671,027",2014-08-01,"616,826",2014-08-01,"391,973",2014-08-01,"1,213,262"
2014-09-01,"571,764",2014-09-01,"488,359",2014-09-01,"537,694",2014-09-01,"340,855",2014-09-01,"978,105"
2014-10-01,"194,804",2014-10-01,"410,933",2014-10-01,"305,651",2014-10-01,"304,108",2014-10-01,"1,303,450"
2014-11-01,"11,537",2014-11-01,"256,705",2014-11-01,"90,915",2014-11-01,"169,607",2014-11-01,"636,596"
2014-12-01,"18,340",2014-12-01,"256,616",2014-12-01,"80,032",2014-12-01,"101,986",2014-12-01,"510,327"
2015-01-01,"28,091",2015-01-01,"191,781",2015-01-01,"98,928",2015-01-01,"78,318",2015-01-01,"373,315"
2015-02-01,"34,343",2015-02-01,"224,311",2015-02-01,"85,123",2015-02-01,"106,314",2015-02-01,"244,214"
2015-03-01,"22,989",2015-03-01,"437,563",2015-03-01,"134,304",2015-03-01,"291,118",2015-03-01,"598,835"
2015-04-01,"46,600",2015-04-01,"486,989",2015-04-01,"116,959",2015-04-01,"392,417",2015-04-01,"794,886"
2015-05-01,"386,064",2015-05-01,"541,338",2015-05-01,"259,711",2015-05-01,"400,048",2015-05-01,"1,017,955"
2015-06-01,"780,768",2015-06-01,"614,938",2015-06-01,"608,796",2015-06-01,"458,546",2015-06-01,"1,307,646"
2015-07-01,"980,702",2015-07-01,"714,911",2015-07-01,"858,426",2015-07-01,"479,538",2015-07-01,"1,441,603"
2015-08-01,"854,408",2015-08-01,"793,412",2015-08-01,"765,579",2015-08-01,"455,487",2015-08-01,"1,208,882"
2015-09-01,"680,213",2015-09-01,"525,090",2015-09-01,"644,350",2015-09-01,"394,201",2015-09-01,"1,096,723"
2015-10-01,"252,013",2015-10-01,"444,363",2015-10-01,"371,558",2015-10-01,"314,966",2015-10-01,"1,353,454"
2015-11-01,"11,049",2015-11-01,"273,558",2015-11-01,"118,398",2015-11-01,"180,390",2015-11-01,"707,576"
2015-12-01,"20,470",2015-12-01,"272,482",2015-12-01,"93,784",2015-12-01,"97,503",2015-12-01,"567,585"
2016-01-01,"30,621",2016-01-01,"189,103",2016-01-01,"115,207",2016-01-01,"84,145",2016-01-01,"379,730"
2016-02-01,"36,327",2016-02-01,"214,361",2016-02-01,"105,125",2016-02-01,"117,510",2016-02-01,"353,532"
2016-03-01,"22,924",2016-03-01,"504,295",2016-03-01,"135,053",2016-03-01,"359,920",2016-03-01,"778,211"
2016-04-01,"59,253",2016-04-01,"464,922",2016-04-01,"129,967",2016-04-01,"395,768",2016-04-01,"859,420"
2016-05-01,"444,630",2016-05-01,"588,591",2016-05-01,"285,868",2016-05-01,"447,976",2016-05-01,"1,018,224"
2016-06-01,"838,316",2016-06-01,"700,421",2016-06-01,"700,990",2016-06-01,"544,890",2016-06-01,"1,364,138"
2016-07-01,"995,917",2016-07-01,"839,086",2016-07-01,"912,507",2016-07-01,"599,961",2016-07-01,"1,464,456"
2016-08-01,"841,036",2016-08-01,"743,158",2016-08-01,"772,849",2016-08-01,"477,507",2016-08-01,"1,183,778"
2016-09-01,"701,754",2016-09-01,"578,006",2016-09-01,"711,110",2016-09-01,"497,825",2016-09-01,"1,165,098"
2016-10-01,"242,004",2016-10-01,"517,791",2016-10-01,"398,525",2016-10-01,"412,916",2016-10-01,"1,466,584"
2016-11-01,"24,710",2016-11-01,"333,204",2016-11-01,"158,553",2016-11-01,"232,271",2016-11-01,"810,894"
2016-12-01,"19,685",2016-12-01,"296,873",2016-12-01,"91,831",2016-12-01,"124,438",2016-12-01,"468,721"
2017-01-01,"29,518",2017-01-01,"217,102",2017-01-01,"95,602",2017-01-01,"88,561",2017-01-01,"382,161"
2017-02-01,"32,275",2017-02-01,"239,154",2017-02-01,"98,832",2017-02-01,"110,569",2017-02-01,"457,921"
2017-03-01,"23,897",2017-03-01,"502,739",2017-03-01,"145,110",2017-03-01,"345,476",2017-03-01,"690,615"
2017-04-01,"45,160",2017-04-01,"590,006",2017-04-01,"158,360",2017-04-01,"515,652",2017-04-01,"867,375"
2017-05-01,"419,635",2017-05-01,"606,247",2017-05-01,"263,222",2017-05-01,"509,017",2017-05-01,"907,646"
2017-06-01,"803,652",2017-06-01,"726,916",2017-06-01,"741,247",2017-06-01,"533,252",2017-06-01,"1,304,711"
2017-07-01,"962,404",2017-07-01,"837,258",2017-07-01,"885,478",2017-07-01,"576,349",2017-07-01,"1,492,508"
2017-08-01,"916,166",2017-08-01,"745,613",2017-08-01,"782,625",2017-08-01,"529,684",2017-08-01,"1,235,188"
2017-09-01,"640,068",2017-09-01,"571,946",2017-09-01,"681,160",2017-09-01,"512,940",2017-09-01,"1,282,168"
2017-10-01,"211,987",2017-10-01,"529,825",2017-10-01,"332,526",2017-10-01,"422,377",2017-10-01,"1,336,369"
2017-11-01,"10,468",2017-11-01,"349,326",2017-11-01,"140,223",2017-11-01,"222,069",2017-11-01,"817,238"
2017-12-01,"21,294",2017-12-01,"338,106",2017-12-01,"112,830",2017-12-01,"138,866",2017-12-01,"564,993"
2018-01-01,"29,179",2018-01-01,"257,366",2018-01-01,"111,422",2018-01-01,"107,960",2018-01-01,"320,864"
2018-02-01,"34,263",2018-02-01,"265,949",2018-02-01,"84,245",2018-02-01,"127,790",2018-02-01,"399,156"
2018-03-01,"22,741",2018-03-01,"503,284",2018-03-01,"156,434",2018-03-01,"373,523",2018-03-01,"689,235"
2018-04-01,"37,766",2018-04-01,"549,416",2018-04-01,"151,975",2018-04-01,"483,487",2018-04-01,"820,657"
2018-05-01,"446,875",2018-05-01,"637,703",2018-05-01,"305,993",2018-05-01,"500,118",2018-05-01,"985,145"
2018-06-01,"810,884",2018-06-01,"673,474",2018-06-01,"720,822",2018-06-01,"541,464",2018-06-01,"1,401,741"
2018-07-01,"940,563",2018-07-01,"799,765",2018-07-01,"931,929",2018-07-01,"500,350",2018-07-01,"1,468,273"
2018-08-01,"813,970",2018-08-01,"744,826",2018-08-01,"798,306",2018-08-01,"459,415",2018-08-01,"1,195,360"
2018-09-01,"724,454",2018-09-01,"615,783",2018-09-01,"784,480",2018-09-01,"481,507",2018-09-01,"1,369,637"
2018-10-01,"218,076",2018-10-01,"555,094",2018-10-01,"312,757",2018-10-01,"377,826",2018-10-01,"1,263,665"
2018-11-01,"13,849",2018-11-01,"408,794",2018-11-01,"125,349",2018-11-01,"218,799",2018-11-01,"867,110"
2018-12-01,"22,380",2018-12-01,"369,041",2018-12-01,"106,781",2018-12-01,"147,794",2018-12-01,"640,357"
2019-01-01,"33,896",2019-01-01,"225,056",2019-01-01,"118,152",2019-01-01,"98,828",2019-01-01,"496,743"
2019-02-01,"31,650",2019-02-01,"213,050",2019-02-01,"99,873",2019-02-01,"102,269",2019-02-01,"421,770"
2019-03-01,"28,695",2019-03-01,"451,228",2019-03-01,"146,414",2019-03-01,"296,316",2019-03-01,"786,305"
2019-04-01,"48,150",2019-04-01,"562,265",2019-04-01,"160,259",2019-04-01,"372,349",2019-04-01,"999,259"
2019-05-01,"434,385",2019-05-01,"618,598",2019-05-01,"280,351",2019-05-01,"529,553",2019-05-01,"1,096,056"
2019-06-01,"781,853",2019-06-01,"643,821",2019-06-01,"698,224",2019-06-01,"594,896",2019-06-01,"1,469,857"
2019-07-01,"936,062",2019-07-01,"756,860",2019-07-01,"973,992",2019-07-01,"629,802",2019-07-01,"1,613,133"
2019-08-01,"820,006",2019-08-01,"700,896",2019-08-01,"830,039",2019-08-01,"535,322",2019-08-01,"1,411,231"
2019-09-01,"693,118",2019-09-01,"578,852",2019-09-01,"752,320",2019-09-01,"497,443",2019-09-01,"1,273,326"
2019-10-01,"171,339",2019-10-01,"551,558",2019-10-01,"374,003",2019-10-01,"429,604",2019-10-01,"1,408,013"
2019-11-01,"15,628",2019-11-01,"347,847",2019-11-01,"123,376",2019-11-01,"230,180",2019-11-01,"851,419"
2019-12-01,"25,506",2019-12-01,"324,380",2019-12-01,"113,050",2019-12-01,"171,706",2019-12-01,"720,631"
2020-01-01,"25,234",2020-01-01,"246,460",2020-01-01,"126,866",2020-01-01,"126,994",2020-01-01,"438,509"
2020-02-01,"41,880",2020-02-01,"252,897",2020-02-01,"110,667",2020-02-01,"133,718",2020-02-01,"426,839"
2020-03-01,"32,516",2020-03-01,"276,002",2020-03-01,"97,690",2020-03-01,"207,400",2020-03-01,"487,535"
2020-04-01,0,2020-04-01,0,2020-04-01,0,2020-04-01,"40,396",2020-04-01,"99,371"
2020-05-01,"46,219",2020-05-01,"43,397",2020-05-01,"63,051",2020-05-01,"178,194",2020-05-01,"828,792"
2020-06-01,"573,205",2020-06-01,"232,267",2020-06-01,"491,355",2020-06-01,"377,425",2020-06-01,"1,535,660"
2020-07-01,"955,645",2020-07-01,"350,003",2020-07-01,"723,478",2020-07-01,"449,518",2020-07-01,"1,726,187"
2020-08-01,"881,829",2020-08-01,"303,900",2020-08-01,"580,368",2020-08-01,"450,183",2020-08-01,"1,544,254"
2020-09-01,"837,114",2020-09-01,"249,010",2020-09-01,"500,019",2020-09-01,"520,987",2020-09-01,"1,400,171"
2020-10-01,"359,889",2020-10-01,"421,568",2020-10-01,"297,665",2020-10-01,"559,342",2020-10-01,"1,739,720"
2020-11-01,"24,132",2020-11-01,"275,764",2020-11-01,"157,875",2020-11-01,"319,853",2020-11-01,"1,091,098"
2020-12-01,"28,643",2020-12-01,"245,830",2020-12-01,"156,165",2020-12-01,"227,244",2020-12-01,"777,584"
2021-01-01,"35,338",2021-01-01,"164,922",2021-01-01,"140,715",2021-01-01,"172,747",2021-01-01,"525,801"
2021-02-01,"36,897",2021-02-01,"161,428",2021-02-01,"133,771",2021-02-01,"160,232",2021-02-01,"502,459"
2021-03-01,"35,611",2021-03-01,"317,054",2021-03-01,"155,819",2021-03-01,"429,455",2021-03-01,"931,060"
2021-04-01,"67,508",2021-04-01,"421,232",2021-04-01,"183,792",2021-04-01,"469,775",2021-04-01,"1,169,469"
2021-05-01,"473,799",2021-05-01,"484,442",2021-05-01,"335,060",2021-05-01,"610,301",2021-05-01,"1,363,183"
2021-06-01,"938,845",2021-06-01,"538,530",2021-06-01,"671,232",2021-06-01,"675,799",2021-06-01,"1,539,247"
2021-07-01,"1,080,767",2021-07-01,"556,766",2021-07-01,"904,767",2021-07-01,"581,496",2021-07-01,"1,730,987"
2021-08-01,"921,844",2021-08-01,"430,684",2021-08-01,"746,343",2021-08-01,"466,928",2021-08-01,"1,398,161"
2021-09-01,"882,078",2021-09-01,"399,321",2021-09-01,"521,233",2021-09-01,"483,180",2021-09-01,"1,355,599"
2021-10-01,"316,662",2021-10-01,"430,734",2021-10-01,"352,736",2021-10-01,"469,379",2021-10-01,"1,633,547"
2021-11-01,"33,144",2021-11-01,"346,971",2021-11-01,"164,992",2021-11-01,"308,560",2021-11-01,"1,155,227"
2021-12-01,"37,749",2021-12-01,"280,593",2021-12-01,"124,388",2021-12-01,"211,983",2021-12-01,"856,808"
2022-01-01,"45,528",2022-01-01,"179,101",2022-01-01,"130,331",2022-01-01,"139,827",2022-01-01,"409,267"
2022-02-01,"47,300",2022-02-01,"191,984",2022-02-01,"101,109",2022-02-01,"168,499",2022-02-01,"536,592"
2022-03-01,"35,616",2022-03-01,"392,273",2022-03-01,"145,752",2022-03-01,"446,308",2022-03-01,"878,917"
2022-04-01,"79,328",2022-04-01,"438,576",2022-04-01,"153,666",2022-04-01,"491,625",2022-04-01,"1,014,878"
2022-05-01,"523,680",2022-05-01,"496,238",2022-05-01,"286,464",2022-05-01,"539,172",2022-05-01,"1,227,558"
