,,,,,,,,,,,,,,,,
Gateway NRA,,,,,,,,,,,,,,,,
,,,,,,,,,,,,,,,,
Bookmark this report: https://irmadev.nps.gov/Stats/SSRSReports/Park%20Specific%20Reports/Summary%20of%20Visitor%20Use%20By%20Month%20and%20Year%20(1979%20-%20Last%20Calendar%20Year),,,,,,,,,,,,,,,,
,,,,,,,,,,,,,,,,
,,Year,Month,Recreation Visitors,Non-Recreation Visitors,Recreation Visitor Hours,Non-Recreation Hours,Concession Lodging,Tent Campers,RV Campers,Concession Camping,Backcountry Campers,Misc Campers,Non-Recreation Overnight Stays,Total Overnight Stays,
,,1979,January,"56,483","16,647","199,713","4,161",0,0,0,0,0,350,0,350,
,,1979,February,"67,254","16,647","233,482","4,161",0,0,0,0,0,120,0,120,
,,1979,March,"167,349","15,036","562,898","3,759",0,0,0,0,0,630,0,630,
,,1979,April,"210,143","16,647","684,886","4,161",0,0,0,0,0,960,0,960,
,,1979,May,"285,049","41,460","968,988","10,365",0,0,0,0,0,"1,800",0,"1,800",
,,1979,June,"624,628","41,460","2,362,131","10,365",0,0,0,0,0,"1,710",0,"1,710",
,,1979,July,"3,912,215","41,460","15,295,324","10,365",0,0,0,0,0,"1,590",0,"1,590",
,,1979,August,"2,009,575","41,460","8,529,992","10,365",0,0,0,0,0,"1,560",0,"1,560",
,,1979,September,"784,333","42,842","2,804,555","10,711",0,0,0,0,0,"1,410",0,"1,410",
,,1979,October,"472,342","16,110","1,407,640","4,028",0,0,0,0,0,"1,890",0,"1,890",
,,1979,November,"122,988","16,647","349,843","4,162",0,0,0,0,0,820,0,820,
,,1979,December,"60,769","16,110","120,764",0,0,0,0,0,0,0,0,0,
,,1980,January,"24,356","16,678","57,239","4,170",0,0,0,0,0,0,0,0,
,,1980,February,"23,013","16,678","50,973","4,170",0,0,0,0,0,0,0,0,
,,1980,March,"37,236","16,678","78,348","4,170",0,0,0,0,0,0,0,0,
,,1980,April,"107,956","16,140","398,484","4,035",0,0,0,0,0,0,0,0,
,,1980,May,"494,291","16,140","1,832,273","4,035",0,0,0,0,0,600,0,600,
,,1980,June,"1,033,846","42,842","3,777,319","10,710",0,0,0,0,0,960,0,960,
,,1980,July,"3,071,490","41,460","11,704,282","10,365",0,0,0,0,0,"1,375",0,"1,375",
,,1980,August,"2,883,821","42,842","10,972,227","10,711",0,0,0,0,0,"1,600",0,"1,600",
,,1980,September,"962,011","42,842","4,250,432","10,711",0,0,0,0,0,480,0,480,
,,1980,October,"245,766","14,518","831,550","3,630",0,0,0,0,0,480,0,480,
,,1980,November,"109,614","14,732","327,155","3,683",0,0,0,0,0,180,0,180,
,,1980,December,"59,857","13,980","195,103","3,495",0,0,0,0,0,65,0,65,
,,1981,January,"47,521","14,948","139,847","3,737",0,0,0,0,0,30,0,30,
,,1981,February,"89,241","14,732","287,295","3,683",0,0,0,0,0,53,0,53,
,,1981,March,"83,780","13,334","267,982","3,334",0,0,0,0,0,182,0,182,
,,1981,April,"176,970","14,793","573,120","3,698",0,0,0,0,0,470,0,470,
,,1981,May,"460,593","14,410","2,022,612","3,603",0,0,0,0,0,712,0,712,
,,1981,June,"1,202,178","16,817","4,473,126","4,204",0,0,0,0,0,402,0,402,
,,1981,July,"3,493,360","16,695","24,814,552","4,174",0,0,0,0,0,367,0,367,
,,1981,August,"2,279,171","35,201","13,540,160","8,799",0,0,0,0,0,655,0,655,
,,1981,September,"1,012,583","16,447","4,725,356","4,112",0,0,0,0,0,"1,109",0,"1,109",
,,1981,October,"341,652","14,548","903,235","3,637",0,0,0,0,0,540,0,540,
,,1981,November,"117,115","14,840","363,246","3,710",0,0,0,0,0,380,0,380,
,,1981,December,"72,315","13,980","283,733","3,495",0,0,0,0,0,94,0,94,
,,1982,January,"42,541","14,948","157,090","3,737",0,0,0,0,0,38,0,38,
,,1982,February,"81,833","14,732","298,057","3,683",0,0,0,0,0,0,0,0,
,,1982,March,"95,155","13,334","339,166","3,334",0,0,0,0,0,235,0,235,
,,1982,April,"203,400","14,840","675,991","3,710",0,0,0,0,0,434,0,434,
,,1982,May,"434,174","13,764","1,555,358","3,441",0,0,0,0,0,900,0,900,
,,1982,June,"1,418,743","39,900","5,129,035","9,975",0,0,0,0,0,734,0,734,
,,1982,July,"3,394,057","38,913","21,113,617","9,728",0,0,0,0,0,"3,462",0,"3,462",
,,1982,August,"2,491,299","39,504","13,276,167","9,876",0,0,0,0,0,"4,789",0,"4,789",
,,1982,September,"1,017,128","39,900","4,875,990","9,975",0,0,0,0,0,"4,557",0,"4,557",
,,1982,October,"401,640","14,410","1,837,896","3,603",0,0,0,0,0,864,0,864,
,,1982,November,"168,713","14,840","1,197,238","3,710",0,0,0,0,0,0,0,0,
,,1982,December,"120,452","14,006","1,031,654","3,502",0,0,0,0,0,0,0,0,
,,1983,January,"171,857","4,300","437,123","1,075",0,0,0,0,0,0,0,0,
,,1983,February,"225,217","5,300","583,191","1,325",0,0,0,0,0,0,0,0,
,,1983,March,"105,917","4,800","337,662","1,200",0,0,0,0,0,0,0,0,
,,1983,April,"218,812","5,300","576,327","1,325",0,0,0,0,0,233,0,233,
,,1983,May,"470,952","5,050","1,801,643","1,263",0,0,0,0,0,333,0,333,
,,1983,June,"1,654,639","6,400","6,266,047","1,600",0,0,0,0,0,425,0,425,
,,1983,July,"3,150,909","6,200","23,441,598","1,550",0,0,0,0,0,900,0,900,
,,1983,August,"2,271,879","9,700","14,015,086","2,425",0,0,0,0,0,"1,224",900,"2,124",
,,1983,September,"1,442,758","10,150","9,173,735","2,538",0,0,0,0,0,"1,052","1,300","2,352",
,,1983,October,"311,553","6,350","1,034,213","1,587",0,0,0,0,0,"3,010",0,"3,010",
,,1983,November,"189,330","5,400","597,236","1,350",0,0,0,0,0,612,"1,300","1,912",
,,1983,December,"133,687","5,050","380,087","1,263",0,0,0,0,0,155,0,155,
,,1984,January,"83,464","4,950","198,385","1,238",0,0,0,0,0,40,0,40,
,,1984,February,"116,189","5,350","277,375","1,338",0,0,0,0,0,40,0,40,
,,1984,March,"143,320","4,950","348,107","1,238",0,0,0,0,0,140,0,140,
,,1984,April,"227,292","5,200","645,481","1,300",0,0,0,0,0,"2,976",0,"2,976",
,,1984,May,"360,960","6,350","1,262,010","1,663",0,0,0,0,0,"4,038",0,"4,038",
,,1984,June,"1,414,691","9,800","5,321,864","2,450",0,0,0,0,0,"4,770",0,"4,770",
,,1984,July,"2,133,881","9,300","15,285,719","2,325",0,0,0,0,0,"1,782",0,"1,782",
,,1984,August,"1,823,845","10,100","11,782,242","2,525",0,0,0,0,0,"1,772",0,"1,772",
,,1984,September,"814,750","9,800","4,430,783","2,450",0,0,0,0,0,991,0,991,
,,1984,October,"372,488","6,450","1,178,048","1,612",0,0,0,0,0,"1,257",0,"1,257",
,,1984,November,"235,490","5,400","640,445","1,350",0,0,0,0,0,472,0,472,
,,1984,December,"154,736","5,800","379,197","1,450",0,0,0,0,0,0,0,0,
,,1985,January,"81,202","4,250","198,368","1,063",0,0,0,0,0,0,0,0,
,,1985,February,"134,718","5,200","321,464","1,300",0,0,0,0,0,200,0,200,
,,1985,March,"167,378","4,600","406,479","1,150",0,0,0,0,0,308,0,308,
,,1985,April,"265,388","6,600","854,144","1,650",0,0,0,0,0,525,0,525,
,,1985,May,"694,466","6,450","3,929,915","1,612",0,0,0,0,0,"2,370",0,"2,370",
,,1985,June,"1,305,815","9,800","8,454,597","2,450",0,0,0,0,0,"2,045",0,"2,045",
,,1985,July,"2,638,562","9,450","19,717,529","2,362",0,0,0,0,0,928,0,928,
,,1985,August,"1,811,036","9,800","11,889,374","2,450",0,0,0,0,0,"1,258",0,"1,258",
,,1985,September,"727,213","9,750","3,244,272","2,437",0,0,0,0,0,"1,052",0,"1,052",
,,1985,October,"418,443","6,250","1,363,640","1,562",0,0,0,0,0,712,0,712,
,,1985,November,"220,395","5,200","608,064","1,300",0,0,0,0,0,377,0,377,
,,1985,December,"176,118","6,000","467,883","1,500",0,0,0,0,0,0,0,0,
,,1986,January,"144,865","4,200","401,151","1,050",0,0,0,0,0,0,0,0,
,,1986,February,"117,646","5,150","316,151","1,287",0,0,0,0,0,0,0,0,
,,1986,March,"214,985","4,600","588,725","1,150",0,0,0,0,0,100,0,100,
,,1986,April,"373,190","4,900","1,267,114","1,225",0,0,0,0,0,306,0,306,
,,1986,May,"1,012,967","5,000","5,550,900","1,250",0,0,0,0,0,590,0,590,
,,1986,June,"1,837,627","9,050","11,619,298","2,262",0,0,0,0,0,"21,865",0,"21,865",
,,1986,July,"1,945,647","18,300","12,482,671","4,575",0,0,0,0,0,"1,039",0,"1,039",
,,1986,August,"1,623,170","18,300","8,549,797","4,575",0,0,0,0,0,780,0,780,
,,1986,September,"692,287","16,400","2,743,528","4,100",0,0,0,0,0,640,0,640,
,,1986,October,"463,404","6,500","1,366,132","1,625",0,0,0,0,0,430,0,430,
,,1986,November,"285,326","5,100","810,443","1,275",0,0,0,0,0,357,0,357,
,,1986,December,"191,496","4,900","514,421","1,318",0,0,0,0,0,0,0,0,
,,1987,January,"159,332","3,050","428,666",763,0,0,0,0,0,0,0,0,
,,1987,February,"211,170","4,800","588,820","1,200",0,0,0,0,0,0,0,0,
,,1987,March,"273,700","4,600","719,668","1,150",0,0,0,0,0,30,0,30,
,,1987,April,"349,773","3,450","1,063,323",863,0,0,0,0,0,181,0,181,
,,1987,May,"817,615","3,850","4,201,897",963,0,0,0,0,0,"1,258",0,"1,258",
,,1987,June,"1,453,123","6,800","8,145,624","1,700",0,0,0,0,0,918,0,918,
,,1987,July,"2,481,957","6,650","16,676,325","1,662",0,0,0,0,0,955,0,955,
,,1987,August,"2,204,971","6,650","15,091,206","1,662",0,0,0,0,0,721,0,721,
,,1987,September,"656,779","9,750","2,477,073","2,438",0,0,0,0,0,350,0,350,
,,1987,October,"363,975","6,250","1,025,214","1,562",0,0,0,0,0,938,0,938,
,,1987,November,"195,873","6,150","486,439","1,538",0,0,0,0,0,150,0,150,
,,1987,December,"185,450","3,350","508,761",838,0,0,0,0,0,0,0,0,
,,1988,January,"162,707","5,050","420,905","1,262",0,0,0,0,0,0,0,0,
,,1988,February,"157,351","4,900","359,038","1,225",0,0,0,0,0,0,0,0,
,,1988,March,"227,036","4,950","529,375","1,462",0,0,0,0,0,298,0,298,
,,1988,April,"280,017","6,710","835,598","1,681",0,0,0,0,0,75,0,75,
,,1988,May,"666,618","7,551","3,061,130","2,177",0,0,0,0,0,99,0,99,
,,1988,June,"1,119,674","10,554","5,987,372","2,976",0,0,0,0,0,829,0,829,
,,1988,July,"1,349,234","10,019","6,927,618","2,636",0,0,0,0,0,0,0,0,
,,1988,August,"872,174","10,528","3,583,628","2,838",0,0,0,0,0,106,0,106,
,,1988,September,"659,164","12,102","2,309,249","3,587",0,0,0,0,0,188,0,188,
,,1988,October,"322,099","7,316","711,202","2,046",0,0,0,0,0,248,0,248,
,,1988,November,"227,699","6,137","524,319","1,730",0,0,0,0,0,267,0,267,
,,1988,December,"171,389","5,319","391,276","1,409",0,0,0,0,0,27,0,27,
,,1989,January,"187,393","4,157","430,144","1,041",0,0,0,0,0,0,0,0,
,,1989,February,"214,752","5,106","488,680","1,278",0,0,0,0,0,0,0,0,
,,1989,March,"268,207","4,600","611,759","1,150",0,0,0,0,0,80,0,80,
,,1989,April,"390,605","6,350","1,120,985","1,588",0,0,0,0,0,75,0,75,
,,1989,May,"590,653","6,400","1,797,296","1,600",0,0,0,0,0,200,0,200,
,,1989,June,"883,480","9,800","2,941,396","2,450",0,0,0,0,0,251,0,251,
,,1989,July,"1,139,496","9,400","4,148,828","2,350",0,0,0,0,0,172,0,172,
,,1989,August,"1,167,822","9,700","4,583,246","2,425",0,0,0,0,0,430,0,430,
,,1989,September,"865,835","9,800","2,989,754","2,450",0,0,0,0,0,257,0,257,
,,1989,October,"472,983","6,900","1,085,079","1,725",0,0,0,0,0,125,0,125,
,,1989,November,"350,071","5,400","805,845","1,350",0,0,0,0,0,45,0,45,
,,1989,December,"216,884","5,000","502,221","1,250",0,0,0,0,0,0,0,0,
,,1990,January,"219,548","5,050","504,808","1,263",0,0,0,0,0,0,0,0,
,,1990,February,"193,719","5,150","436,654","1,287",0,0,0,0,0,0,0,0,
,,1990,March,"227,445","4,600","518,630","1,150",0,0,0,0,0,164,0,164,
,,1990,April,"361,556","6,300","1,046,194","1,575",0,0,0,0,0,200,0,200,
,,1990,May,"513,897","6,600","1,589,960","1,650",0,0,0,0,0,192,0,192,
,,1990,June,"770,938","9,150","2,856,652","2,287",0,0,0,0,0,283,0,283,
,,1990,July,"1,110,788","9,400","4,105,480","2,350",0,0,0,0,0,65,0,65,
,,1990,August,"858,589","9,150","3,266,980","2,287",0,0,0,0,0,"1,767",0,"1,767",
,,1990,September,"703,415","9,750","2,364,332","2,437",0,0,0,0,0,61,0,61,
,,1990,October,"371,163","6,200","744,915","1,550",0,0,0,0,0,44,0,44,
,,1990,November,"260,805","5,450","605,254","1,362",0,0,0,0,0,58,0,58,
,,1990,December,"198,358","4,900","459,037","1,225",0,0,0,0,0,58,0,58,
,,1991,January,"179,145","5,050","415,456","1,263",0,0,0,0,0,0,0,0,
,,1991,February,"170,976","5,150","403,143","1,288",0,0,0,0,0,0,0,0,
,,1991,March,"248,705","4,600","575,677","1,150",0,0,0,0,0,0,0,0,
,,1991,April,"320,268","6,300","973,834","1,575",0,0,0,0,0,200,0,200,
,,1991,May,"654,863","6,450","2,151,928","1,613",0,0,0,0,0,225,0,225,
,,1991,June,"1,129,250","9,150","4,131,424","2,288",0,0,0,0,0,980,0,980,
,,1991,July,"1,188,148","9,400","4,440,699","2,350",0,0,0,0,0,920,0,920,
,,1991,August,"1,137,187","10,100","4,234,845","2,525",0,0,0,0,0,334,0,334,
,,1991,September,"718,263","9,700","2,454,816","2,425",0,0,0,0,0,480,0,480,
,,1991,October,"422,177","6,900","982,315","1,725",0,0,0,0,0,480,0,480,
,,1991,November,"278,874","4,650","650,421","1,162",0,0,0,0,0,150,0,150,
,,1991,December,"196,065","4,500","452,854","1,125",0,0,0,0,0,0,0,0,
,,1992,January,"186,365","5,000","428,695","1,250",0,0,0,0,0,0,0,0,
,,1992,February,"205,177","5,100","468,239","1,275",0,0,0,0,0,0,0,0,
,,1992,March,"231,508","4,750","535,342","1,187",0,0,0,0,0,65,0,65,
,,1992,April,"334,401","6,350","959,003","1,587",0,0,0,0,0,295,0,295,
,,1992,May,"604,764","6,450","1,889,165","1,612",0,0,0,0,0,375,0,375,
,,1992,June,"827,873","9,100","2,903,890","2,275",0,0,0,0,0,450,0,450,
,,1992,July,"1,123,211","9,450","4,385,605","2,362",0,0,0,0,0,400,0,400,
,,1992,August,"1,148,773","9,750","4,171,881","2,438",0,0,0,0,0,200,0,200,
,,1992,September,"706,955","9,700","2,414,777","2,425",0,0,0,0,0,336,0,336,
,,1992,October,"389,312","7,000","903,465","1,750",0,0,0,0,0,811,0,811,
,,1992,November,"269,875","5,000","643,211","1,250",0,0,0,0,0,308,0,308,
,,1992,December,"133,423","4,500","318,875","1,125",0,0,0,0,0,0,0,0,
,,1993,January,"176,241","5,050","413,226","1,263",0,0,0,0,0,0,0,0,
,,1993,February,"165,061","5,050","383,868","1,263",0,0,0,0,0,0,0,0,
,,1993,March,"185,544","5,050","435,717","1,263",0,0,0,0,0,0,0,0,
,,1993,April,"295,166","5,400","845,780","1,350",0,0,0,0,0,0,0,0,
,,1993,May,"666,870","6,400","2,056,374","1,600",0,0,0,0,0,0,0,0,
,,1993,June,"922,059","9,100","3,165,589","2,275",0,0,0,0,0,0,0,0,
,,1993,July,"1,316,683","9,450","6,451,265","2,362",0,0,0,0,0,0,0,0,
,,1993,August,"859,207","9,700","4,953,616","2,425",0,0,0,0,0,0,0,0,
,,1993,September,"654,757","9,750","3,719,874","2,437",0,0,0,0,0,0,0,0,
,,1993,October,"357,756","6,950","921,754","1,737",0,0,0,0,0,0,0,0,
,,1993,November,"165,901","5,050","197,227","1,262",0,0,0,0,0,0,0,0,
,,1993,December,"133,208","4,950","311,088","1,237",0,0,0,0,0,0,0,0,
,,1994,January,"81,708","5,100","190,787","1,275",0,0,0,0,0,0,0,0,
,,1994,February,"118,586","5,050","273,020","1,262",0,0,0,0,0,0,0,0,
,,1994,March,"124,121","4,600","296,532","1,150",0,0,0,0,0,184,0,184,
,,1994,April,"204,160","6,350","635,567","1,587",0,0,0,0,0,978,0,978,
,,1994,May,"459,461","6,400","1,344,086","1,600",0,0,0,0,0,917,0,917,
,,1994,June,"553,009","9,150","2,007,399","2,287",0,0,0,0,0,"1,015",0,"1,015",
,,1994,July,"738,126","9,150","2,207,684","2,287",0,0,0,0,0,"1,015",0,"1,015",
,,1994,August,"660,641","9,150","2,397,501","2,287",0,0,0,0,0,"1,015",0,"1,015",
,,1994,September,"415,148","9,800","1,347,632","2,450",0,0,0,0,0,"1,152",0,"1,152",
,,1994,October,"402,963","9,800","1,219,564","2,450",0,0,0,0,0,"1,152",0,"1,152",
,,1994,November,"277,985","9,800","887,102","2,450",0,0,0,0,0,"1,152",0,"1,152",
,,1994,December,"156,372","5,000","356,061","1,250",0,0,0,0,0,0,0,0,
,,1995,January,"117,607","5,050","288,594","1,262",0,0,0,0,0,0,0,0,
,,1995,February,"145,770","5,100","343,036","1,275",0,0,0,0,0,0,0,0,
,,1995,March,"176,675","4,600","432,348","1,150",0,0,0,0,0,169,0,169,
,,1995,April,"330,399","6,400","909,946","1,600",0,0,0,0,0,"1,040",0,"1,040",
,,1995,May,"508,160","9,200","1,637,373","2,300",0,0,0,0,0,"1,161",0,"1,161",
,,1995,June,"1,132,348","9,700","4,621,018","2,425",0,0,0,0,0,"1,152",0,"1,152",
,,1995,July,"1,174,385","9,400","5,660,975","2,350",0,0,0,0,0,"1,005",0,"1,005",
,,1995,August,"1,261,020","9,800","4,112,421","2,450",0,0,0,0,0,"1,194",0,"1,194",
,,1995,September,"414,710","9,800","1,351,761","2,450",0,0,0,0,0,"1,194",0,"1,194",
,,1995,October,"422,586","6,900","1,006,171","1,725",0,0,0,0,0,"1,207",0,"1,207",
,,1995,November,"234,526","5,400","559,408","1,350",0,0,0,0,0,0,0,0,
,,1995,December,"146,068","4,950","353,522","1,237",0,0,0,0,0,0,0,0,
,,1996,January,"129,323","5,209","258,646","1,302",0,0,0,0,0,0,0,0,
,,1996,February,"159,595","6,963","319,190","1,741",0,0,0,0,0,119,0,119,
,,1996,March,"214,719","6,102","429,438","1,526",0,0,0,0,0,56,0,56,
,,1996,April,"348,673","6,860","697,346","1,715",0,0,0,0,0,550,0,550,
,,1996,May,"466,981","7,038","933,962","1,760",0,0,0,0,0,"2,150",0,"2,150",
,,1996,June,"857,924","9,739","1,715,848","2,435",0,0,0,0,0,"1,651",0,"1,651",
,,1996,July,"1,154,569","9,957","2,309,138","2,489",0,0,0,0,0,"1,477",0,"1,477",
,,1996,August,"1,230,907","10,841","2,461,814","2,710",0,0,0,0,0,"2,547",0,"2,547",
,,1996,September,"725,377","9,844","1,450,754","2,461",0,0,0,0,0,0,0,0,
,,1996,October,"468,743","8,578","954,642","2,145",0,0,0,0,0,"1,592",0,"1,592",
,,1996,November,"346,071","6,422","704,986","1,606",0,0,0,0,0,445,0,445,
,,1996,December,"278,620","1,164","559,568",291,0,0,0,0,0,99,0,99,
,,1997,January,"134,850","14,838","269,700","118,704",0,0,0,0,20,0,0,20,
,,1997,February,"149,977","14,700","299,954","117,600",0,0,0,0,39,0,0,39,
,,1997,March,"172,547","14,475","345,094","115,800",0,0,0,0,190,0,0,190,
,,1997,April,"298,539","16,100","579,078","128,800",0,0,0,0,361,0,0,361,
,,1997,May,"501,483","22,400","1,002,966","179,200",0,0,0,0,"2,165",0,0,"2,165",
,,1997,June,"798,111","23,000","1,596,222","184,000",0,0,0,0,"1,950",0,0,"1,950",
,,1997,July,"1,165,746","31,200","2,331,492","249,600",0,0,0,0,"2,825",0,0,"2,825",
,,1997,August,"1,357,476","31,400","2,714,952","251,200",0,0,0,0,"1,916",0,0,"1,916",
,,1997,September,"923,822","17,300","1,847,644","138,400",0,0,0,0,"1,277",0,0,"1,277",
,,1997,October,"594,933","17,450","1,189,866","139,600",0,0,0,0,0,0,0,0,
,,1997,November,"384,893","16,200","769,786","129,600",0,0,0,0,0,0,0,0,
,,1997,December,"325,568","16,200","651,136","129,600",0,0,0,0,0,0,0,0,
,,1998,January,"218,016","13,675","436,032","109,400",0,0,0,0,0,0,0,0,
,,1998,February,"227,288","13,700","454,576","109,600",0,0,0,0,0,0,0,0,
,,1998,March,"234,506","13,700","469,012","109,600",0,0,0,0,0,0,0,0,
,,1998,April,"311,247","13,700","622,494","109,600",0,0,0,0,115,0,0,115,
,,1998,May,"536,238","13,700","1,072,476","109,600",0,0,0,0,"2,215",0,0,"2,215",
,,1998,June,"841,490","120,400","1,682,980","963,200",0,0,0,0,"4,827",0,0,"4,827",
,,1998,July,"1,380,195","115,612","2,760,390","924,896",0,0,0,0,"1,553",0,0,"1,553",
,,1998,August,"1,551,822","45,605","3,103,644","364,840",0,0,0,0,"1,867",0,0,"1,867",
,,1998,September,"844,880","125,925","1,689,760","1,007,400",0,0,0,0,0,0,0,0,
,,1998,October,"624,898","119,705","1,249,796","957,640",0,0,0,0,165,0,0,165,
,,1998,November,"227,722","26,514","455,444","212,112",0,0,0,0,0,0,0,0,
,,1998,December,"125,720","19,995","251,440","159,960",0,0,0,0,0,0,0,0,
,,1999,January,"169,576","124,615","322,492","249,230",0,0,0,0,0,0,0,0,
,,1999,February,"181,412","120,367","355,340","240,734",0,0,0,0,0,0,0,0,
,,1999,March,"245,312","131,838","492,554","263,676",0,0,0,0,0,381,0,381,
,,1999,April,"261,739","131,658","728,262","263,316",0,0,0,0,0,551,0,551,
,,1999,May,"532,438","132,208","1,504,065","264,416",0,0,0,0,0,"1,005",0,"1,005",
,,1999,June,"930,596","122,970","3,507,922","245,940",0,0,0,0,0,980,0,980,
,,1999,July,"1,307,706","100,990","4,878,880","201,980",0,0,0,0,0,"1,569",0,"1,569",
,,1999,August,"1,260,249","104,792","4,700,718","209,584",0,0,0,0,0,"1,715",0,"1,715",
,,1999,September,"719,732","113,229","2,603,183","226,458",0,0,0,0,0,735,0,735,
,,1999,October,"454,910","113,063","955,735","226,126",0,0,0,0,0,391,0,391,
,,1999,November,"432,381","114,401","872,042","228,802",0,0,0,0,0,135,0,135,
,,1999,December,"317,556","116,714","683,019","233,428",0,0,0,0,0,0,0,0,
,,2000,January,"164,422","123,292","330,912","246,584",0,0,0,0,0,0,0,0,
,,2000,February,"226,392","116,201","425,844","232,402",0,0,0,0,0,0,0,0,
,,2000,March,"325,030","107,968","633,292","215,936",0,0,0,0,0,42,0,42,
,,2000,April,"391,016","94,529","1,084,316","189,058",0,0,0,0,0,223,0,223,
,,2000,May,"917,733","112,233","2,607,855","224,466",0,0,0,0,0,883,0,883,
,,2000,June,"1,268,636","102,613","4,724,599","205,226",0,0,0,0,0,"1,304",0,"1,304",
,,2000,July,"1,374,539","82,040","5,121,063","164,080",0,0,0,0,0,"1,558",0,"1,558",
,,2000,August,"1,227,315","64,816","4,522,257","129,632",0,0,0,0,0,"1,015",0,"1,015",
,,2000,September,"796,268","94,814","2,887,876","189,628",0,0,0,0,0,708,0,708,
,,2000,October,"541,347","103,565","1,114,560","207,130",0,0,0,0,0,498,0,498,
,,2000,November,"431,281","94,344","850,213","188,688",0,0,0,0,0,138,0,138,
,,2000,December,"263,588","95,848","495,379","191,696",0,0,0,0,0,0,0,0,
,,2001,January,"263,994","91,035","490,292","182,070",0,0,0,0,0,15,0,15,
,,2001,February,"256,294","83,624","474,909","167,248",0,0,0,0,0,0,0,0,
,,2001,March,"462,087","92,901","844,812","185,802",0,0,0,0,0,40,0,40,
,,2001,April,"577,356","91,882","1,568,830","183,764",0,0,0,0,0,715,0,715,
,,2001,May,"955,860","112,479","2,774,157","224,958",0,0,0,0,0,733,0,733,
,,2001,June,"1,104,712","101,822","4,112,303","203,644",0,0,0,0,0,"1,009",0,"1,009",
,,2001,July,"1,463,134","95,869","5,346,934","191,738",0,0,0,0,0,558,0,558,
,,2001,August,"1,142,867","79,665","4,111,645","159,330",0,0,0,0,0,955,0,955,
,,2001,September,"724,706","72,704","2,629,004","145,408",0,0,0,0,0,818,0,818,
,,2001,October,"541,926","84,837","1,058,957","169,674",0,0,0,0,0,41,0,41,
,,2001,November,"493,558","49,195","984,744","98,390",0,0,0,0,0,15,0,15,
,,2001,December,"298,565","83,478","563,481","166,956",0,0,0,0,0,45,0,45,
,,2002,January,"252,705","97,656","562,029","195,313",0,0,0,0,0,1,0,1,
,,2002,February,"310,872","91,103","670,122","182,207",0,0,0,0,0,1,0,1,
,,2002,March,"390,751","101,857","818,595","203,715",0,0,0,0,0,30,0,30,
,,2002,April,"489,726","106,521","1,405,035","213,043",0,0,0,0,0,120,0,120,
,,2002,May,"888,068","120,525","2,687,012","241,049",0,0,0,0,0,774,0,774,
,,2002,June,"1,158,743","116,600","4,413,165","233,199",0,0,0,0,0,751,0,751,
,,2002,July,"1,889,269","100,885","7,065,323","201,770",0,0,0,0,0,644,0,644,
,,2002,August,"1,410,738","94,471","5,190,391","188,943",0,0,0,0,0,589,0,589,
,,2002,September,"830,690","95,732","3,041,895","191,463",0,0,0,0,0,375,0,375,
,,2002,October,"661,718","77,568","1,432,980","155,135",0,0,0,0,0,"2,618",0,"2,618",
,,2002,November,"484,225","88,734","1,036,067","177,467",0,0,0,0,0,148,0,148,
,,2002,December,"246,933","95,188","497,642","190,376",0,0,0,0,0,0,0,0,
,,2003,January,"224,226","86,775","453,451","173,549",0,0,0,0,0,0,0,0,
,,2003,February,"218,302","87,083","428,902","174,167",0,0,0,0,0,0,0,0,
,,2003,March,"417,510","85,861","886,148","171,723",0,0,0,0,0,42,0,42,
,,2003,April,"569,906","108,863","1,628,693","217,725",0,0,0,0,0,586,0,586,
,,2003,May,"716,540","62,778","2,098,245","125,556",0,0,0,0,0,"1,667",0,"1,667",
,,2003,June,"1,058,043","85,399","3,923,549","170,797",0,0,0,0,0,"1,177",0,"1,177",
,,2003,July,"1,587,577","87,756","5,901,890","175,513",0,0,0,0,0,821,0,821,
,,2003,August,"1,326,765","107,940","4,956,310","215,881",0,0,0,0,0,"1,571",0,"1,571",
,,2003,September,"1,014,751","77,900","3,619,363","155,801",0,0,0,0,0,"1,203",0,"1,203",
,,2003,October,"611,774","101,916","1,282,700","203,832",0,0,0,0,0,"1,324",0,"1,324",
,,2003,November,"525,371","77,697","1,139,181","155,394",0,0,0,0,0,205,0,205,
,,2003,December,"297,004","78,832","636,867","157,664",0,0,0,0,0,0,0,0,
,,2004,January,"225,251","61,182","492,751","122,364",0,0,0,0,0,0,0,0,
,,2004,February,"314,872","98,450","1,315,924","196,900",0,0,0,0,0,0,0,0,
,,2004,March,"395,022","101,565","844,098","203,129",0,0,0,0,0,65,0,65,
,,2004,April,"609,286","101,959","1,761,442","203,918",0,0,0,0,0,719,0,719,
,,2004,May,"729,231","94,275","2,162,530","188,551",0,0,0,0,0,"1,101",0,"1,101",
,,2004,June,"916,973","115,169","3,431,724","230,338",0,0,0,0,0,"1,265",0,"1,265",
,,2004,July,"1,257,013","91,155","4,686,462","182,309",0,0,0,0,0,"1,353",0,"1,353",
,,2004,August,"1,257,480","90,842","4,648,908","181,683",0,0,0,0,0,860,0,860,
,,2004,September,"876,518","118,517","3,237,096","237,033",0,0,0,0,0,"1,080",0,"1,080",
,,2004,October,"698,603","95,151","1,451,806","190,302",0,0,0,0,0,"1,359",0,"1,359",
,,2004,November,"566,567","80,735","1,215,230","161,469",0,0,0,0,0,151,0,151,
,,2004,December,"381,757","104,452","764,973","208,904",0,0,0,0,0,0,0,0,
,,2005,January,"277,802","77,250","593,228","154,501",0,0,0,0,0,0,0,0,
,,2005,February,"241,353","96,166","516,131","192,331",0,0,0,0,0,0,0,0,
,,2005,March,"411,314","118,130","880,793","236,259",0,0,0,0,0,81,0,81,
,,2005,April,"610,309","115,510","1,744,036","231,020",0,0,0,0,0,304,0,304,
,,2005,May,"726,811","113,641","2,117,841","227,282",0,0,0,0,0,"1,283",0,"1,283",
,,2005,June,"1,122,223","110,299","4,221,868","220,599",0,0,0,0,0,"2,204",0,"2,204",
,,2005,July,"1,276,408","93,088","4,790,385","186,175",0,0,0,0,0,888,0,888,
,,2005,August,"1,248,466","89,886","4,653,677","179,771",0,0,0,0,0,"1,454",0,"1,454",
,,2005,September,"836,597","86,089","3,160,997","172,178",0,0,0,0,0,"1,269",0,"1,269",
,,2005,October,"644,188","110,969","1,349,547","221,939",0,0,0,0,0,"1,481",0,"1,481",
,,2005,November,"520,564","98,117","1,131,412","196,234",0,0,0,0,0,206,0,206,
,,2005,December,"378,318","84,255","747,324","168,509",0,0,0,0,0,0,0,0,
,,2006,January,"285,210","108,485","605,325","216,969",0,0,0,0,0,0,0,0,
,,2006,February,"246,481","83,434","462,722","166,869",0,0,0,0,0,0,0,0,
,,2006,March,"424,967","97,915","856,939","195,830",0,0,0,0,0,292,0,292,
,,2006,April,"645,730","108,625","1,790,548","217,250",0,0,0,0,0,"1,062",0,"1,062",
,,2006,May,"890,161","127,118","2,504,884","254,236",0,0,0,0,0,517,0,517,
,,2006,June,"1,045,967","112,579","3,918,283","225,158",0,0,0,0,0,"1,612",0,"1,612",
,,2006,July,"1,305,076","119,546","4,901,841","239,093",0,0,0,0,0,"1,034",0,"1,034",
,,2006,August,"1,191,827","105,225","4,345,267","210,450",0,0,0,0,0,933,0,933,
,,2006,September,"864,440","121,029","3,169,111","242,058",0,0,0,0,0,"1,404",0,"1,404",
,,2006,October,"681,487","116,708","1,433,247","233,415",0,0,0,0,0,"1,341",0,"1,341",
,,2006,November,"532,433","121,783","1,162,152","243,566",0,0,0,0,0,385,0,385,
,,2006,December,"342,677","109,807","700,106","219,615",0,0,0,0,0,2,0,2,
,,2007,January,"277,405","113,081","595,438","226,163",0,0,0,0,0,0,0,0,
,,2007,February,"250,773","97,306","536,765","194,613",0,0,0,0,0,0,0,0,
,,2007,March,"395,610","103,734","856,568","207,468",0,0,0,0,0,171,0,171,
,,2007,April,"619,781","126,342","1,778,823","252,684",0,0,0,0,0,779,0,779,
,,2007,May,"991,459","131,954","2,893,018","263,909",0,0,0,0,0,"1,345",0,"1,345",
,,2007,June,"1,114,623","119,370","4,175,331","238,739",0,0,0,0,0,"1,740",0,"1,740",
,,2007,July,"1,362,498","115,805","5,117,192","231,609",0,0,0,0,0,"1,337",0,"1,337",
,,2007,August,"1,119,948","116,479","4,249,458","232,958",0,0,0,0,0,"1,385",0,"1,385",
,,2007,September,"965,250","117,741","3,520,696","235,483",0,0,0,0,0,770,0,770,
,,2007,October,"686,338","117,080","1,484,474","234,160",0,0,0,0,0,"1,024",0,"1,024",
,,2007,November,"653,812","101,278","1,426,914","202,555",0,0,0,0,0,177,0,177,
,,2007,December,"375,707","98,353","746,196","196,705",0,0,0,0,0,2,0,2,
,,2008,January,"285,452","91,369","591,844","182,738",0,0,0,0,0,0,0,0,
,,2008,February,"249,394","84,992","503,555","169,983",0,0,0,0,0,0,0,0,
,,2008,March,"402,058","96,858","858,467","193,715",0,0,0,0,0,177,0,177,
,,2008,April,"651,513","97,195","1,859,502","194,390",0,0,0,0,0,940,0,940,
,,2008,May,"1,060,416","74,300","3,050,498","148,600",0,0,0,0,0,"1,682",0,"1,682",
,,2008,June,"1,291,909","110,970","4,742,197","221,939",0,0,0,0,0,"1,399",0,"1,399",
,,2008,July,"1,375,748","114,819","5,106,809","229,639",0,0,0,0,0,"1,040",0,"1,040",
,,2008,August,"1,258,845","109,779","4,522,468","219,558",0,0,0,0,0,760,0,760,
,,2008,September,"960,993","130,305","3,439,642","260,610",0,0,0,0,0,"1,122",0,"1,122",
,,2008,October,"753,367","112,280","1,452,467","224,560",0,0,0,0,0,"1,008",0,"1,008",
,,2008,November,"718,643","105,635","1,499,222","211,269",0,0,0,0,0,354,0,354,
,,2008,December,"422,683","154,019","757,644","308,038",0,0,0,0,0,2,0,2,
,,2009,January,"377,303","115,769","667,627","231,537",0,0,0,0,0,0,0,0,
,,2009,February,"389,393","90,273","739,832","180,546",0,0,0,0,0,0,0,0,
,,2009,March,"571,795","96,858","1,187,915","193,715",0,0,0,0,0,198,0,198,
,,2009,April,"769,238","98,420","2,171,854","196,840",0,0,0,0,0,745,0,745,
,,2009,May,"889,894","43,860","2,559,039","87,720",0,0,0,0,0,"1,866",0,"1,866",
,,2009,June,"1,087,752","120,500","3,952,535","241,000",0,0,0,0,0,979,0,979,
,,2009,July,"1,230,537","114,260","4,617,092","228,520",0,0,0,0,0,983,0,983,
,,2009,August,"1,238,325","116,660","4,494,898","233,320",0,0,0,0,0,"1,213",0,"1,213",
,,2009,September,"938,923","129,945","3,353,319","259,890",0,0,0,0,0,"1,095",0,"1,095",
,,2009,October,"623,742","112,160","1,211,134","224,320",0,0,0,0,0,"1,275",0,"1,275",
,,2009,November,"574,860","104,460","1,278,412","208,920",0,0,0,0,0,579,0,579,
,,2009,December,"318,760","154,019","606,536","308,038",0,0,0,0,0,0,0,0,
,,2010,January,"337,552","100,860","557,093","201,720",0,0,0,0,0,0,0,0,
,,2010,February,"291,909","82,780","486,849","165,560",0,0,0,0,0,100,0,100,
,,2010,March,"425,290","97,660","814,503","195,320",0,0,0,0,0,"3,073",0,"3,073",
,,2010,April,"637,108","96,600","1,675,181","193,200",0,0,0,0,0,"1,057",0,"1,057",
,,2010,May,"832,565","43,860","2,244,241","87,720",0,0,0,0,0,"1,667",0,"1,667",
,,2010,June,"1,104,871","117,000","3,829,491","234,000",0,0,0,0,0,245,0,245,
,,2010,July,"1,386,200","112,560","4,953,257","225,120",0,0,0,0,0,"1,376",0,"1,376",
,,2010,August,"1,228,923","106,864","4,431,022","213,728",0,0,0,0,0,"1,463",0,"1,463",
,,2010,September,"910,201","119,852","3,278,887","239,704",0,0,0,0,0,"2,214",0,"2,214",
,,2010,October,"605,939","118,380","1,200,429","236,760",0,0,0,0,0,"1,225",0,"1,225",
,,2010,November,"665,489","94,448","1,411,342","188,895",0,0,0,0,0,563,0,563,
,,2010,December,"394,710","135,150","707,354","270,301",0,0,0,0,0,2,0,2,
,,2011,January,"258,208","62,891","438,487","125,782",0,0,0,0,0,2,0,2,
,,2011,February,"332,116","83,404","596,922","166,808",0,0,0,0,0,0,0,0,
,,2011,March,"347,150","72,814","609,513","145,629",0,0,0,0,0,84,0,84,
,,2011,April,"476,080","96,276","1,235,485","192,552",0,0,0,0,0,672,0,672,
,,2011,May,"837,580","72,318","2,260,865","144,637",0,0,0,0,0,"1,034",0,"1,034",
,,2011,June,"852,545","111,092","3,065,948","222,183",0,0,0,0,0,"1,489",0,"1,489",
,,2011,July,"1,233,876","96,474","4,570,861","192,948",0,0,0,0,0,"1,112",0,"1,112",
,,2011,August,"1,045,901","105,118","3,819,434","210,237",0,0,0,0,0,963,0,963,
,,2011,September,"835,104","119,683","2,889,766","239,366",0,0,0,0,0,"1,325",0,"1,325",
,,2011,October,"604,507","117,689","1,199,847","235,378",0,0,0,0,0,"1,067",0,"1,067",
,,2011,November,"552,875","95,220","1,131,038","190,441",0,0,0,0,0,417,0,417,
,,2011,December,"321,785","134,740","576,380","269,480",0,0,0,0,0,0,0,0,
,,2012,January,"235,880","24,991","381,160","49,982",0,0,0,0,0,2,0,2,
,,2012,February,"265,980","24,264","429,602","48,528",0,0,0,0,0,0,0,0,
,,2012,March,"325,943","25,166","536,644","50,333",0,0,0,0,0,48,0,48,
,,2012,April,"381,855","24,780","929,894","49,560",0,0,0,0,0,513,0,513,
,,2012,May,"530,592","27,144","1,366,896","54,288",0,0,0,0,0,"1,684",0,"1,684",
,,2012,June,"736,073","27,782","2,536,900","55,565",0,0,0,0,0,"1,444",0,"1,444",
,,2012,July,"886,996","22,898","3,101,530","45,797",0,0,0,0,0,"1,551",0,"1,551",
,,2012,August,"921,389","25,012","3,151,969","50,023",0,0,0,0,0,990,0,990,
,,2012,September,"734,133","73,800","2,607,112","147,600",0,0,0,0,0,"1,150",0,"1,150",
,,2012,October,"7,178","7,200","14,356","14,400",0,0,0,0,0,0,0,0,
,,2012,November,"8,924","7,200","17,848","14,400",0,0,0,0,0,0,0,0,
,,2012,December,"8,920","7,200","17,840","14,400",0,0,0,0,0,0,0,0,
,,2013,January,"185,380","14,676","283,008","29,352",0,0,0,0,0,0,0,0,
,,2013,February,"210,046","58,416","335,906","116,831",0,0,0,0,0,0,0,0,
,,2013,March,"285,452","53,258","458,260","106,516",0,0,0,0,0,3,0,3,
,,2013,April,"347,892","41,591","887,926","83,182",0,0,0,0,0,0,0,0,
,,2013,May,"608,477","68,684","1,583,813","137,367",0,0,0,0,0,480,0,480,
,,2013,June,"840,983","60,846","2,956,806","121,693",0,0,0,0,0,385,0,385,
,,2013,July,"1,069,774","56,370","3,855,253","112,741",0,0,0,0,0,402,0,402,
,,2013,August,"962,343","62,483","3,399,568","124,966",0,0,0,0,0,468,0,468,
,,2013,September,"697,389","98,926","2,361,090","197,852",0,0,0,0,0,356,0,356,
,,2013,October,"373,604","86,900","720,179","173,800",0,0,0,0,0,74,0,74,
,,2013,November,"498,396","98,546","939,460","197,091",0,0,0,0,0,51,0,51,
,,2013,December,"111,510","69,020","202,170","138,040",0,0,0,0,0,0,0,0,
,,2014,January,"199,792","14,105","316,866","28,210",0,0,0,0,0,0,0,0,
,,2014,February,"240,406","68,548","397,003","137,097",0,0,0,0,0,0,0,0,
,,2014,March,"330,667","64,938","542,536","129,875",0,0,0,0,0,8,0,8,
,,2014,April,"389,603","50,510","959,888","101,021",0,0,0,0,0,14,0,14,
,,2014,May,"573,842","71,253","1,464,194","142,506",0,0,0,0,0,312,0,312,
,,2014,June,"683,544","62,456","2,358,485","124,911",0,0,0,0,0,"1,063",0,"1,063",
,,2014,July,"963,230","57,378","3,466,763","114,757",0,0,0,0,0,"1,324",0,"1,324",
,,2014,August,"920,347","63,491","3,278,207","126,982",0,0,0,0,0,"1,952",0,"1,952",
,,2014,September,"601,825","101,447","1,995,398","202,894",0,0,0,0,0,946,0,946,
,,2014,October,"402,959","89,840","655,480","179,680",0,0,0,0,0,345,0,345,
,,2014,November,"417,315","98,697","742,352","197,394",0,0,0,0,0,52,0,52,
,,2014,December,"298,183","72,081","491,266","144,162",0,0,0,0,0,41,0,41,
,,2015,January,"202,285","25,472","320,425","50,945",0,0,0,0,0,0,0,0,
,,2015,February,"241,032","69,015","395,453","138,030",0,0,0,0,0,0,0,0,
,,2015,March,"332,770","65,456","542,881","130,912",0,0,0,0,0,9,0,9,
,,2015,April,"410,345","51,030","1,012,309","102,060",0,0,0,0,0,22,0,22,
,,2015,May,"587,694","71,283","1,493,712","142,566",0,0,0,0,0,99,0,99,
,,2015,June,"712,586","62,486","2,458,984","124,971",0,0,0,0,0,222,0,222,
,,2015,July,"1,022,432","57,408","3,699,739","114,817",0,0,0,0,0,288,0,288,
,,2015,August,"963,667","63,521","3,440,173","127,042",0,0,0,0,0,477,0,477,
,,2015,September,"661,569","102,492","2,257,083","204,985",0,0,0,0,0,303,0,303,
,,2015,October,"483,670","89,860","800,487","179,721",0,0,0,0,0,38,0,38,
,,2015,November,"451,044","98,764","803,230","197,528",0,0,0,0,0,41,0,41,
,,2015,December,"323,471","72,247","537,956","144,494",0,0,0,0,0,32,0,32,
,,2016,January,"216,795","26,618","348,526","53,237",0,0,0,0,0,10,0,10,
,,2016,February,"263,344","69,781","439,464","139,562",0,0,0,0,0,3,0,3,
,,2016,March,"360,096","65,712","597,995","131,423",0,0,0,0,0,10,0,10,
,,2016,April,"416,937","51,286","1,029,240","102,571",0,0,0,0,0,32,0,32,
,,2016,May,"653,215","72,146","1,664,282","144,291",0,0,0,0,0,381,0,381,
,,2016,June,"1,034,638","64,211","3,805,345","128,422",0,0,0,0,0,304,0,304,
,,2016,July,"1,221,630","58,271","4,514,974","116,542",0,0,0,0,0,234,0,234,
,,2016,August,"1,288,281","64,384","4,583,168","128,768",0,0,0,0,0,195,0,195,
,,2016,September,"1,023,879","103,896","3,391,736","207,793",0,0,0,0,0,222,0,222,
,,2016,October,"826,752","89,984","1,516,466","179,968",0,0,0,0,0,144,0,144,
,,2016,November,"736,355","98,688","1,371,156","197,377",0,0,0,0,0,40,0,40,
,,2016,December,"609,848","72,127","1,134,298","144,254",0,0,0,0,0,26,0,26,
,,2017,January,"561,703","99,773","1,071,185","199,546",0,3,28,0,0,2,0,33,
,,2017,February,"558,282","91,841","1,054,867","183,682",0,18,6,0,0,3,0,27,
,,2017,March,"605,376","138,009","1,119,263","276,018",0,57,14,0,0,8,0,79,
,,2017,April,"664,497","167,934","1,721,637","335,869",0,475,98,0,0,24,0,597,
,,2017,May,"778,518","168,316","2,201,110","336,632",0,"1,921",572,0,0,280,0,"2,773",
,,2017,June,"989,435","169,673","3,543,665","339,346",0,"3,378",586,0,0,217,0,"4,181",
,,2017,July,"1,185,929","95,402","4,326,060","190,804",0,"4,568",592,0,0,198,0,"5,358",
,,2017,August,"1,261,810","95,806","4,647,050","191,613",0,"4,221",397,0,0,225,0,"4,843",
,,2017,September,"891,749","117,699","2,993,539","235,398",0,"2,875",474,0,0,144,0,"3,493",
,,2017,October,"757,103","122,296","1,390,081","244,592",0,991,289,0,0,226,0,"1,506",
,,2017,November,"515,264","148,700","938,804","297,400",0,70,111,0,0,113,0,294,
,,2017,December,"420,944","87,660","774,586","175,320",0,0,0,0,0,26,0,26,
,,2018,January,"500,890","104,960","928,407","209,920",0,0,0,0,0,24,0,24,
,,2018,February,"441,085","79,464","830,029","158,928",0,0,0,0,0,24,0,24,
,,2018,March,"553,566","119,595","1,001,768","239,190",0,0,0,0,0,8,0,8,
,,2018,April,"645,821","145,095","1,650,021","290,190",0,368,0,0,0,22,0,390,
,,2018,May,"828,949","118,962","2,362,729","237,924",0,"1,819",473,0,0,289,0,"2,581",
,,2018,June,"1,122,280","124,250","4,026,942","248,499",0,"3,156",631,0,0,567,0,"4,354",
,,2018,July,"1,187,335","94,886","4,322,770","189,772",0,"4,418",855,0,0,253,0,"5,526",
,,2018,August,"1,134,529","89,660","4,128,011","179,320",0,"4,056",529,0,0,345,0,"4,930",
,,2018,September,"873,200","87,902","2,864,215","175,805",0,767,0,0,0,312,0,"1,079",
,,2018,October,"729,558","88,380","1,330,351","176,760",0,0,0,0,0,152,0,152,
,,2018,November,"680,211","100,215","1,191,932","200,430",0,0,0,0,0,28,0,28,
,,2018,December,"545,881","88,460","951,034","176,920",0,0,0,0,0,28,0,28,
,,2019,January,"504,178","87,741","902,751","175,482",0,0,0,0,0,26,0,26,
,,2019,February,"543,132","86,780","965,725","173,560",0,0,0,0,0,25,0,25,
,,2019,March,"653,021","90,260","1,156,608","180,520",0,0,0,0,0,6,0,6,
,,2019,April,"662,417","101,836","1,702,864","203,671",0,240,0,0,0,147,0,387,
,,2019,May,"818,697","101,942","2,333,768","203,885",0,"1,633",305,0,0,535,0,"2,473",
,,2019,June,"1,055,032","101,715","3,732,417","203,430",0,"2,713",749,0,0,231,0,"3,693",
,,2019,July,"1,223,949","95,024","4,430,902","190,048",0,"4,414",777,0,0,398,0,"5,589",
,,2019,August,"1,085,625","95,062","3,933,208","190,125",0,"4,075",808,0,0,240,0,"5,123",
,,2019,September,"908,313","97,111","3,038,045","194,222",0,"2,609",572,0,0,216,0,"3,397",
,,2019,October,"733,807","96,380","1,351,174","192,760",0,806,76,0,0,323,0,"1,205",
,,2019,November,"655,858","89,208","1,176,142","178,416",0,0,0,0,0,37,0,37,
,,2019,December,"561,593","89,564","978,066","179,129",0,0,0,0,0,23,0,23,
,,2020,January,"624,000","65,652","1,134,609","131,304",0,0,0,0,0,26,0,26,
,,2020,February,"604,027","67,224","1,102,807","134,448",0,0,0,0,0,24,0,24,
,,2020,March,"628,020","70,697","1,127,169","141,394",0,0,0,0,0,31,0,31,
,,2020,April,"360,025","64,432","916,238","128,864",0,0,0,0,0,0,0,0,
,,2020,May,"673,758","74,421","1,826,464","148,842",0,0,0,0,0,39,0,39,
,,2020,June,"1,031,670","77,062","3,763,261","154,125",0,0,0,0,0,54,0,54,
,,2020,July,"1,113,020","65,278","4,075,545","130,557",0,0,0,0,0,135,0,135,
,,2020,August,"1,074,501","65,574","3,946,011","131,147",0,0,0,0,0,183,0,183,
,,2020,September,"806,423","73,826","2,710,391","147,653",0,0,0,0,0,171,0,171,
,,2020,October,"587,324","74,304","1,121,511","148,608",0,0,0,0,0,54,0,54,
,,2020,November,"509,324","80,630","970,952","161,260",0,0,0,0,0,28,0,28,
,,2020,December,"392,636","80,887","745,077","161,774",0,0,0,0,0,26,0,26,
,,2021,January,"500,486","65,545","938,371","131,090",0,0,0,0,0,24,0,24,
,,2021,February,"450,435","64,464","834,386","128,928",0,0,0,0,0,22,0,22,
,,2021,March,"575,634","65,599","1,091,598","131,198",0,0,0,0,0,29,0,29,
,,2021,April,"616,800","65,249","1,626,785","130,498",0,0,0,0,0,27,0,27,
,,2021,May,"807,449","66,414","2,257,795","132,827",0,0,0,0,0,273,0,273,
,,2021,June,"1,059,370","66,147","3,856,356","132,294",0,"1,038",0,0,0,156,0,"1,194",
,,2021,July,"1,083,230","62,919","3,929,865","125,838",0,"1,051",0,0,0,147,0,"1,198",
,,2021,August,"1,143,461","65,262","4,118,118","130,525",0,955,0,0,0,189,0,"1,144",
,,2021,September,"954,886","72,125","3,197,937","144,250",0,978,0,0,0,174,0,"1,152",
,,2021,October,"756,529","69,600","1,415,875","139,200",0,298,0,0,0,109,0,407,
,,2021,November,"609,707","69,528","1,163,678","139,056",0,0,0,0,0,33,0,33,
,,2021,December,"502,820","67,140","962,578","134,280",0,0,0,0,0,3,0,3,
,,,,,,,,,,,,,,,,